,arch,embed_size,embedder,evaluation,replication,score,stage,task,time_of_init
0,comparator,30,wd,matching,0,0.5711346760963122,novice,cohyponyms_semantic,2018-12-09-07-36-49
1,comparator,30,wd,matching,0,0.5104509542496589,expert,cohyponyms_semantic,2018-12-09-07-36-49
2,comparator,30,wd,matching,0,0.5111759289756124,expert+rs,cohyponyms_semantic,2018-12-09-07-36-49
3,comparator,30,wd,matching,1,0.5723402669450622,novice,cohyponyms_semantic,2018-12-09-07-36-49
4,comparator,30,wd,matching,1,0.5125748730618388,expert,cohyponyms_semantic,2018-12-09-07-36-49
5,comparator,30,wd,matching,1,0.5112905678127921,expert+rs,cohyponyms_semantic,2018-12-09-07-36-49
6,comparator,30,wd,matching,0,0.5378834607818417,novice,features_has,2018-12-09-07-36-49
7,comparator,30,wd,matching,0,0.5053397815317541,expert,features_has,2018-12-09-07-36-49
8,comparator,30,wd,matching,0,0.5049931283110305,expert+rs,features_has,2018-12-09-07-36-49
9,comparator,30,wd,matching,1,0.5392113538903659,novice,features_has,2018-12-09-07-36-49
10,comparator,30,wd,matching,1,0.5036513667130781,expert,features_has,2018-12-09-07-36-49
11,comparator,30,wd,matching,1,0.5024223234759673,expert+rs,features_has,2018-12-09-07-36-49
12,comparator,30,wd,matching,0,0.500000000000002,novice,features_is,2018-12-09-07-36-49
13,comparator,30,wd,matching,0,0.5007415721329238,expert,features_is,2018-12-09-07-36-49
14,comparator,30,wd,matching,0,0.5007616146230027,expert+rs,features_is,2018-12-09-07-36-49
15,comparator,30,wd,matching,1,0.500000000000002,novice,features_is,2018-12-09-07-36-49
16,comparator,30,wd,matching,1,0.5007816571130818,expert,features_is,2018-12-09-07-36-49
17,comparator,30,wd,matching,1,0.5006213171924501,expert+rs,features_is,2018-12-09-07-36-49
18,comparator,30,wd,matching,0,0.5257639130006377,novice,nyms_syn,2018-12-09-07-36-49
19,comparator,30,wd,matching,0,0.5010814378802005,expert,nyms_syn,2018-12-09-07-36-49
20,comparator,30,wd,matching,0,0.5013180840746513,expert+rs,nyms_syn,2018-12-09-07-36-49
21,comparator,30,wd,matching,1,0.5258528631029413,novice,nyms_syn,2018-12-09-07-36-49
22,comparator,30,wd,matching,1,0.5011727034829278,expert,nyms_syn,2018-12-09-07-36-49
23,comparator,30,wd,matching,1,0.5016707481266237,expert+rs,nyms_syn,2018-12-09-07-36-49
24,comparator,30,wd,matching,0,0.5167011597318756,novice,cohyponyms_syntactic,2018-12-09-07-36-49
25,comparator,30,wd,matching,0,0.5364552690022173,expert,cohyponyms_syntactic,2018-12-09-07-36-49
26,comparator,30,wd,matching,0,0.5348394906044337,expert+rs,cohyponyms_syntactic,2018-12-09-07-36-49
27,comparator,30,wd,matching,1,0.5181207308333228,novice,cohyponyms_syntactic,2018-12-09-07-36-49
28,comparator,30,wd,matching,1,0.5384728674417952,expert,cohyponyms_syntactic,2018-12-09-07-36-49
29,comparator,30,wd,matching,1,0.5352666090826101,expert+rs,cohyponyms_syntactic,2018-12-09-07-36-49
30,comparator,30,wd,matching,0,0.5812547241119278,novice,hypernyms_None,2018-12-09-07-36-49
31,comparator,30,wd,matching,0,0.533670033670061,expert,hypernyms_None,2018-12-09-07-36-49
32,comparator,30,wd,matching,0,0.5336356764928458,expert+rs,hypernyms_None,2018-12-09-07-36-49
33,comparator,30,wd,matching,1,0.5784030784031374,novice,hypernyms_None,2018-12-09-07-36-49
34,comparator,30,wd,matching,1,0.5315398886827722,expert,hypernyms_None,2018-12-09-07-36-49
35,comparator,30,wd,matching,1,0.5319521748093436,expert+rs,hypernyms_None,2018-12-09-07-36-49
36,comparator,30,wd,matching,0,0.5104033228604326,novice,nyms_ant,2018-12-09-07-36-49
37,comparator,30,wd,matching,0,0.5011503975825541,expert,nyms_ant,2018-12-09-07-36-49
38,comparator,30,wd,matching,0,0.5008453069865894,expert+rs,nyms_ant,2018-12-09-07-36-49
39,comparator,30,wd,matching,1,0.5104033228604326,novice,nyms_ant,2018-12-09-07-36-49
40,comparator,30,wd,matching,1,0.5008941556923778,expert,nyms_ant,2018-12-09-07-36-49
41,comparator,30,wd,matching,1,0.5016321987802091,expert+rs,nyms_ant,2018-12-09-07-36-49
42,comparator,30,sg,matching,0,0.7531024653175687,novice,cohyponyms_semantic,2018-11-15-13-22-23
43,comparator,30,sg,matching,0,0.8459566996445459,expert,cohyponyms_semantic,2018-11-15-13-22-23
44,comparator,30,sg,matching,0,0.7510219803119718,expert+rs,cohyponyms_semantic,2018-11-15-13-22-23
45,comparator,30,sg,matching,1,0.7504723101800814,novice,cohyponyms_semantic,2018-11-15-13-22-23
46,comparator,30,sg,matching,1,0.8417090142927518,expert,cohyponyms_semantic,2018-11-15-13-22-23
47,comparator,30,sg,matching,1,0.7522444258591642,expert+rs,cohyponyms_semantic,2018-11-15-13-22-23
48,comparator,30,sg,matching,0,0.7067558664300687,novice,features_has,2018-11-15-13-22-23
49,comparator,30,sg,matching,0,0.7443351646821317,expert,features_has,2018-11-15-13-22-23
50,comparator,30,sg,matching,0,0.6183555181952609,expert+rs,features_has,2018-11-15-13-22-23
51,comparator,30,sg,matching,1,0.7090030338353666,novice,features_has,2018-11-15-13-22-23
52,comparator,30,sg,matching,1,0.7411551495648987,expert,features_has,2018-11-15-13-22-23
53,comparator,30,sg,matching,1,0.6189906359959813,expert+rs,features_has,2018-11-15-13-22-23
54,comparator,30,sg,matching,0,0.6242175229668921,novice,features_is,2018-11-15-13-22-23
55,comparator,30,sg,matching,0,0.674314273532638,expert,features_is,2018-11-15-13-22-23
56,comparator,30,sg,matching,0,0.5606179646304976,expert+rs,features_is,2018-11-15-13-22-23
57,comparator,30,sg,matching,1,0.6242175229668921,novice,features_is,2018-11-15-13-22-23
58,comparator,30,sg,matching,1,0.6750416337180511,expert,features_is,2018-11-15-13-22-23
59,comparator,30,sg,matching,1,0.5746039786165097,expert+rs,features_is,2018-11-15-13-22-23
60,comparator,30,sg,matching,0,0.6748154176784741,novice,nyms_syn,2018-11-15-13-22-23
61,comparator,30,sg,matching,0,0.658131556568605,expert,nyms_syn,2018-11-15-13-22-23
62,comparator,30,sg,matching,0,0.6445854037338935,expert+rs,nyms_syn,2018-11-15-13-22-23
63,comparator,30,sg,matching,1,0.6806370748130972,novice,nyms_syn,2018-11-15-13-22-23
64,comparator,30,sg,matching,1,0.6595680082035599,expert,nyms_syn,2018-11-15-13-22-23
65,comparator,30,sg,matching,1,0.6477460515382634,expert+rs,nyms_syn,2018-11-15-13-22-23
66,comparator,30,sg,matching,0,0.5722329309390948,novice,cohyponyms_syntactic,2018-11-15-13-22-23
67,comparator,30,sg,matching,0,0.7827176509056936,expert,cohyponyms_syntactic,2018-11-15-13-22-23
68,comparator,30,sg,matching,0,0.5130537969176068,expert+rs,cohyponyms_syntactic,2018-11-15-13-22-23
69,comparator,30,sg,matching,1,0.5722329309390948,novice,cohyponyms_syntactic,2018-11-15-13-22-23
70,comparator,30,sg,matching,1,0.7853086929130358,expert,cohyponyms_syntactic,2018-11-15-13-22-23
71,comparator,30,sg,matching,1,0.513427500591217,expert+rs,cohyponyms_syntactic,2018-11-15-13-22-23
72,comparator,30,sg,matching,0,0.8301381158524169,novice,hypernyms_None,2018-11-15-13-22-23
73,comparator,30,sg,matching,0,0.8208616780045481,expert,hypernyms_None,2018-11-15-13-22-23
74,comparator,30,sg,matching,0,0.7554799697657026,expert+rs,hypernyms_None,2018-11-15-13-22-23
75,comparator,30,sg,matching,1,0.8256716828145632,novice,hypernyms_None,2018-11-15-13-22-23
76,comparator,30,sg,matching,1,0.8165670308527619,expert,hypernyms_None,2018-11-15-13-22-23
77,comparator,30,sg,matching,1,0.7568542568542797,expert+rs,hypernyms_None,2018-11-15-13-22-23
78,comparator,30,sg,matching,0,0.6227255634881484,novice,nyms_ant,2018-11-15-13-22-23
79,comparator,30,sg,matching,0,0.6582689698263908,expert,nyms_ant,2018-11-15-13-22-23
80,comparator,30,sg,matching,0,0.6128372638871797,expert+rs,nyms_ant,2018-11-15-13-22-23
81,comparator,30,sg,matching,1,0.6216420444347488,novice,nyms_ant,2018-11-15-13-22-23
82,comparator,30,sg,matching,1,0.6620245366001127,expert,nyms_ant,2018-11-15-13-22-23
83,comparator,30,sg,matching,1,0.6113413409204453,expert+rs,nyms_ant,2018-11-15-13-22-23
84,comparator,200,cbow,matching,0,0.7725200144228196,novice,cohyponyms_semantic,2018-11-14-19-16-26
85,comparator,200,cbow,matching,0,0.8025068815768838,expert,cohyponyms_semantic,2018-11-14-19-16-26
86,comparator,200,cbow,matching,0,0.7558868085478749,expert+rs,cohyponyms_semantic,2018-11-14-19-16-26
87,comparator,200,cbow,matching,1,0.7725289898161031,novice,cohyponyms_semantic,2018-11-14-19-16-26
88,comparator,200,cbow,matching,1,0.7997896516806627,expert,cohyponyms_semantic,2018-11-14-19-16-26
89,comparator,200,cbow,matching,1,0.7570369255398491,expert+rs,cohyponyms_semantic,2018-11-14-19-16-26
90,comparator,200,cbow,matching,0,0.6650197983014476,novice,features_has,2018-11-14-19-16-26
91,comparator,200,cbow,matching,0,0.6333435192962344,expert,features_has,2018-11-14-19-16-26
92,comparator,200,cbow,matching,0,0.6002230289158877,expert+rs,features_has,2018-11-14-19-16-26
93,comparator,200,cbow,matching,1,0.6677354255749965,novice,features_has,2018-11-14-19-16-26
94,comparator,200,cbow,matching,1,0.6153314203080378,expert,features_has,2018-11-14-19-16-26
95,comparator,200,cbow,matching,1,0.6083869660277758,expert+rs,features_has,2018-11-14-19-16-26
96,comparator,200,cbow,matching,0,0.6018847228852668,novice,features_is,2018-11-14-19-16-26
97,comparator,200,cbow,matching,0,0.5419995845738712,expert,features_is,2018-11-14-19-16-26
98,comparator,200,cbow,matching,0,0.5509141197520853,expert+rs,features_is,2018-11-14-19-16-26
99,comparator,200,cbow,matching,1,0.6018847228852668,novice,features_is,2018-11-14-19-16-26
100,comparator,200,cbow,matching,1,0.5456564279910061,expert,features_is,2018-11-14-19-16-26
101,comparator,200,cbow,matching,1,0.5527230455839381,expert+rs,features_is,2018-11-14-19-16-26
102,comparator,200,cbow,matching,0,0.6615632034273309,novice,nyms_syn,2018-11-14-19-16-26
103,comparator,200,cbow,matching,0,0.6196624243917606,expert,nyms_syn,2018-11-14-19-16-26
104,comparator,200,cbow,matching,0,0.6175076101298482,expert+rs,nyms_syn,2018-11-14-19-16-26
105,comparator,200,cbow,matching,1,0.6651226679610573,novice,nyms_syn,2018-11-14-19-16-26
106,comparator,200,cbow,matching,1,0.6156015052381058,expert,nyms_syn,2018-11-14-19-16-26
107,comparator,200,cbow,matching,1,0.6182810317311966,expert+rs,nyms_syn,2018-11-14-19-16-26
108,comparator,200,cbow,matching,0,0.6505465662008725,novice,cohyponyms_syntactic,2018-11-14-19-16-26
109,comparator,200,cbow,matching,0,0.7388151287730426,expert,cohyponyms_syntactic,2018-11-14-19-16-26
110,comparator,200,cbow,matching,0,0.5603756811878071,expert+rs,cohyponyms_syntactic,2018-11-14-19-16-26
111,comparator,200,cbow,matching,1,0.6502707791773292,novice,cohyponyms_syntactic,2018-11-14-19-16-26
112,comparator,200,cbow,matching,1,0.7467741531266976,expert,cohyponyms_syntactic,2018-11-14-19-16-26
113,comparator,200,cbow,matching,1,0.5585282954568289,expert+rs,cohyponyms_syntactic,2018-11-14-19-16-26
114,comparator,200,cbow,matching,0,0.8245378959664829,novice,hypernyms_None,2018-11-14-19-16-26
115,comparator,200,cbow,matching,0,0.8057788772074659,expert,hypernyms_None,2018-11-14-19-16-26
116,comparator,200,cbow,matching,0,0.8008658008658227,expert+rs,hypernyms_None,2018-11-14-19-16-26
117,comparator,200,cbow,matching,1,0.8235415378272717,novice,hypernyms_None,2018-11-14-19-16-26
118,comparator,200,cbow,matching,1,0.8054353054353205,expert,hypernyms_None,2018-11-14-19-16-26
119,comparator,200,cbow,matching,1,0.7939600082457416,expert+rs,hypernyms_None,2018-11-14-19-16-26
120,comparator,200,cbow,matching,0,0.6435824312739977,novice,nyms_ant,2018-11-14-19-16-26
121,comparator,200,cbow,matching,0,0.6196962247681388,expert,nyms_ant,2018-11-14-19-16-26
122,comparator,200,cbow,matching,0,0.5974817917874082,expert+rs,nyms_ant,2018-11-14-19-16-26
123,comparator,200,cbow,matching,1,0.6436644861000943,novice,nyms_ant,2018-11-14-19-16-26
124,comparator,200,cbow,matching,1,0.6238193504542167,expert,nyms_ant,2018-11-14-19-16-26
125,comparator,200,cbow,matching,1,0.5992859290847591,expert+rs,nyms_ant,2018-11-14-19-16-26
126,comparator,200,ww,matching,0,0.6414580110268769,novice,cohyponyms_semantic,2018-12-08-22-00-00
127,comparator,200,ww,matching,0,0.5234136573110717,expert,cohyponyms_semantic,2018-12-08-22-00-00
128,comparator,200,ww,matching,0,0.5171799906017212,expert+rs,cohyponyms_semantic,2018-12-08-22-00-00
129,comparator,200,ww,matching,1,0.6422190610904572,novice,cohyponyms_semantic,2018-12-08-22-00-00
130,comparator,200,ww,matching,1,0.522867880418351,expert,cohyponyms_semantic,2018-12-08-22-00-00
131,comparator,200,ww,matching,1,0.5172901755806077,expert+rs,cohyponyms_semantic,2018-12-08-22-00-00
132,comparator,200,ww,matching,0,0.5503035487753443,novice,features_has,2018-12-08-22-00-00
133,comparator,200,ww,matching,0,0.5087092933278822,expert,features_has,2018-12-08-22-00-00
134,comparator,200,ww,matching,0,0.5066584683239042,expert+rs,features_has,2018-12-08-22-00-00
135,comparator,200,ww,matching,1,0.5503035487753443,novice,features_has,2018-12-08-22-00-00
136,comparator,200,ww,matching,1,0.5110619202676419,expert,features_has,2018-12-08-22-00-00
137,comparator,200,ww,matching,1,0.5100649824301071,expert+rs,features_has,2018-12-08-22-00-00
138,comparator,200,ww,matching,0,0.5135888082735784,novice,features_is,2018-12-08-22-00-00
139,comparator,200,ww,matching,0,0.5157825499149225,expert,features_is,2018-12-08-22-00-00
140,comparator,200,ww,matching,0,0.5024338871134101,expert+rs,features_is,2018-12-08-22-00-00
141,comparator,200,ww,matching,1,0.5158940590415433,novice,features_is,2018-12-08-22-00-00
142,comparator,200,ww,matching,1,0.5137582584169468,expert,features_is,2018-12-08-22-00-00
143,comparator,200,ww,matching,1,0.5014740340430829,expert+rs,features_is,2018-12-08-22-00-00
144,comparator,200,ww,matching,0,0.5810126592409709,novice,nyms_syn,2018-12-08-22-00-00
145,comparator,200,ww,matching,0,0.5000000000000614,expert,nyms_syn,2018-12-08-22-00-00
146,comparator,200,ww,matching,0,0.5000000000000614,expert+rs,nyms_syn,2018-12-08-22-00-00
147,comparator,200,ww,matching,1,0.5815438665021168,novice,nyms_syn,2018-12-08-22-00-00
148,comparator,200,ww,matching,1,0.5000403690567006,expert,nyms_syn,2018-12-08-22-00-00
149,comparator,200,ww,matching,1,0.5016518273758824,expert+rs,nyms_syn,2018-12-08-22-00-00
150,comparator,200,ww,matching,0,0.5512130037399374,novice,cohyponyms_syntactic,2018-12-08-22-00-00
151,comparator,200,ww,matching,0,0.5632737296445018,expert,cohyponyms_syntactic,2018-12-08-22-00-00
152,comparator,200,ww,matching,0,0.5089284336265797,expert+rs,cohyponyms_syntactic,2018-12-08-22-00-00
153,comparator,200,ww,matching,1,0.5512130037399374,novice,cohyponyms_syntactic,2018-12-08-22-00-00
154,comparator,200,ww,matching,1,0.5529421215025883,expert,cohyponyms_syntactic,2018-12-08-22-00-00
155,comparator,200,ww,matching,1,0.5186499761960712,expert+rs,cohyponyms_syntactic,2018-12-08-22-00-00
156,comparator,200,ww,matching,0,0.65089672232534,novice,hypernyms_None,2018-12-08-22-00-00
157,comparator,200,ww,matching,0,0.5357314643028994,expert,hypernyms_None,2018-12-08-22-00-00
158,comparator,200,ww,matching,0,0.5263519549234016,expert+rs,hypernyms_None,2018-12-08-22-00-00
159,comparator,200,ww,matching,1,0.6498660070089104,novice,hypernyms_None,2018-12-08-22-00-00
160,comparator,200,ww,matching,1,0.5360406788978358,expert,hypernyms_None,2018-12-08-22-00-00
161,comparator,200,ww,matching,1,0.5238782381639785,expert+rs,hypernyms_None,2018-12-08-22-00-00
162,comparator,200,ww,matching,0,0.5400088196922365,novice,nyms_ant,2018-12-08-22-00-00
163,comparator,200,ww,matching,0,0.5012028929038109,expert,nyms_ant,2018-12-08-22-00-00
164,comparator,200,ww,matching,0,0.5002989005160525,expert+rs,nyms_ant,2018-12-08-22-00-00
165,comparator,200,ww,matching,1,0.5359465857093487,novice,nyms_ant,2018-12-08-22-00-00
166,comparator,200,ww,matching,1,0.5000000000000285,expert,nyms_ant,2018-12-08-22-00-00
167,comparator,200,ww,matching,1,0.5008737832672943,expert+rs,nyms_ant,2018-12-08-22-00-00
168,comparator,200,lstm,matching,0,0.7005567386885134,novice,cohyponyms_semantic,2018-11-29-13-43-40
169,comparator,200,lstm,matching,0,0.7400562775632791,expert,cohyponyms_semantic,2018-11-29-13-43-40
170,comparator,200,lstm,matching,0,0.6775920737345305,expert+rs,cohyponyms_semantic,2018-11-29-13-43-40
171,comparator,200,lstm,matching,1,0.7027785774501002,novice,cohyponyms_semantic,2018-11-29-13-43-40
172,comparator,200,lstm,matching,1,0.7422219551837972,expert,cohyponyms_semantic,2018-11-29-13-43-40
173,comparator,200,lstm,matching,1,0.6784084371513688,expert+rs,cohyponyms_semantic,2018-11-29-13-43-40
174,comparator,200,lstm,matching,0,0.6033028958350446,novice,features_has,2018-11-29-13-43-40
175,comparator,200,lstm,matching,0,0.6157740316725824,expert,features_has,2018-11-29-13-43-40
176,comparator,200,lstm,matching,0,0.5059891809259035,expert+rs,features_has,2018-11-29-13-43-40
177,comparator,200,lstm,matching,1,0.6033028958350446,novice,features_has,2018-11-29-13-43-40
178,comparator,200,lstm,matching,1,0.6134086575255249,expert,features_has,2018-11-29-13-43-40
179,comparator,200,lstm,matching,1,0.5134176749944166,expert+rs,features_has,2018-11-29-13-43-40
180,comparator,200,lstm,matching,0,0.5598472397847551,novice,features_is,2018-11-29-13-43-40
181,comparator,200,lstm,matching,0,0.6368832834700755,expert,features_is,2018-11-29-13-43-40
182,comparator,200,lstm,matching,0,0.5049654358148401,expert+rs,features_is,2018-11-29-13-43-40
183,comparator,200,lstm,matching,1,0.5579956781103506,novice,features_is,2018-11-29-13-43-40
184,comparator,200,lstm,matching,1,0.6430275821104654,expert,features_is,2018-11-29-13-43-40
185,comparator,200,lstm,matching,1,0.5081547425997688,expert+rs,features_is,2018-11-29-13-43-40
186,comparator,200,lstm,matching,0,0.6538728656336557,novice,nyms_syn,2018-11-29-13-43-40
187,comparator,200,lstm,matching,0,0.6037899768752593,expert,nyms_syn,2018-11-29-13-43-40
188,comparator,200,lstm,matching,0,0.59911918843088,expert+rs,nyms_syn,2018-11-29-13-43-40
189,comparator,200,lstm,matching,1,0.6568100214748728,novice,nyms_syn,2018-11-29-13-43-40
190,comparator,200,lstm,matching,1,0.6038199791937673,expert,nyms_syn,2018-11-29-13-43-40
191,comparator,200,lstm,matching,1,0.6015046155892686,expert+rs,nyms_syn,2018-11-29-13-43-40
192,comparator,200,lstm,matching,0,0.6282124237421789,novice,cohyponyms_syntactic,2018-11-29-13-43-40
193,comparator,200,lstm,matching,0,0.7551742745295695,expert,cohyponyms_syntactic,2018-11-29-13-43-40
194,comparator,200,lstm,matching,0,0.5666550367424279,expert+rs,cohyponyms_syntactic,2018-11-29-13-43-40
195,comparator,200,lstm,matching,1,0.6262277999185215,novice,cohyponyms_syntactic,2018-11-29-13-43-40
196,comparator,200,lstm,matching,1,0.7590697042129951,expert,cohyponyms_syntactic,2018-11-29-13-43-40
197,comparator,200,lstm,matching,1,0.5634928432826781,expert+rs,cohyponyms_syntactic,2018-11-29-13-43-40
198,comparator,200,lstm,matching,0,0.7359650931079822,novice,hypernyms_None,2018-11-29-13-43-40
199,comparator,200,lstm,matching,0,0.7780526351955124,expert,hypernyms_None,2018-11-29-13-43-40
200,comparator,200,lstm,matching,0,0.6755651755652008,expert+rs,hypernyms_None,2018-11-29-13-43-40
201,comparator,200,lstm,matching,1,0.736652236652271,novice,hypernyms_None,2018-11-29-13-43-40
202,comparator,200,lstm,matching,1,0.7759912045626527,expert,hypernyms_None,2018-11-29-13-43-40
203,comparator,200,lstm,matching,1,0.6763553906411297,expert+rs,hypernyms_None,2018-11-29-13-43-40
204,comparator,200,lstm,matching,0,0.6330550876193031,novice,nyms_ant,2018-11-29-13-43-40
205,comparator,200,lstm,matching,0,0.6013426863661235,expert,nyms_ant,2018-11-29-13-43-40
206,comparator,200,lstm,matching,0,0.5550274824166012,expert+rs,nyms_ant,2018-11-29-13-43-40
207,comparator,200,lstm,matching,1,0.6344340319442623,novice,nyms_ant,2018-11-29-13-43-40
208,comparator,200,lstm,matching,1,0.5996532153976646,expert,nyms_ant,2018-11-29-13-43-40
209,comparator,200,lstm,matching,1,0.5517181330472296,expert+rs,nyms_ant,2018-11-29-13-43-40
210,comparator,200,srn,matching,0,0.7049970433514434,novice,cohyponyms_semantic,2018-12-02-03-06-41
211,comparator,200,srn,matching,0,0.7212790707309105,expert,cohyponyms_semantic,2018-12-02-03-06-41
212,comparator,200,srn,matching,0,0.6699840167762128,expert+rs,cohyponyms_semantic,2018-12-02-03-06-41
213,comparator,200,srn,matching,1,0.7051052318677726,novice,cohyponyms_semantic,2018-12-02-03-06-41
214,comparator,200,srn,matching,1,0.7206588092314461,expert,cohyponyms_semantic,2018-12-02-03-06-41
215,comparator,200,srn,matching,1,0.6687279802663542,expert+rs,cohyponyms_semantic,2018-12-02-03-06-41
216,comparator,200,srn,matching,0,0.5964076599385579,novice,features_has,2018-12-02-03-06-41
217,comparator,200,srn,matching,0,0.6116892008964911,expert,features_has,2018-12-02-03-06-41
218,comparator,200,srn,matching,0,0.5299502717280227,expert+rs,features_has,2018-12-02-03-06-41
219,comparator,200,srn,matching,1,0.5920893664213378,novice,features_has,2018-12-02-03-06-41
220,comparator,200,srn,matching,1,0.6108244563198324,expert,features_has,2018-12-02-03-06-41
221,comparator,200,srn,matching,1,0.5141540622753435,expert+rs,features_has,2018-12-02-03-06-41
222,comparator,200,srn,matching,0,0.5826829241628871,novice,features_is,2018-12-02-03-06-41
223,comparator,200,srn,matching,0,0.6450821195480119,expert,features_is,2018-12-02-03-06-41
224,comparator,200,srn,matching,0,0.5042398976739804,expert+rs,features_is,2018-12-02-03-06-41
225,comparator,200,srn,matching,1,0.5826829241628871,novice,features_is,2018-12-02-03-06-41
226,comparator,200,srn,matching,1,0.6451921710389941,expert,features_is,2018-12-02-03-06-41
227,comparator,200,srn,matching,1,0.5027680500843628,expert+rs,features_is,2018-12-02-03-06-41
228,comparator,200,srn,matching,0,0.6439100163841993,novice,nyms_syn,2018-12-02-03-06-41
229,comparator,200,srn,matching,0,0.5811616892254976,expert,nyms_syn,2018-12-02-03-06-41
230,comparator,200,srn,matching,0,0.5784799703605287,expert+rs,nyms_syn,2018-12-02-03-06-41
231,comparator,200,srn,matching,1,0.6589541064534761,novice,nyms_syn,2018-12-02-03-06-41
232,comparator,200,srn,matching,1,0.5809498910524878,expert,nyms_syn,2018-12-02-03-06-41
233,comparator,200,srn,matching,1,0.5787954803785406,expert+rs,nyms_syn,2018-12-02-03-06-41
234,comparator,200,srn,matching,0,0.632272770940408,novice,cohyponyms_syntactic,2018-12-02-03-06-41
235,comparator,200,srn,matching,0,0.7340659138910575,expert,cohyponyms_syntactic,2018-12-02-03-06-41
236,comparator,200,srn,matching,0,0.5515669448615891,expert+rs,cohyponyms_syntactic,2018-12-02-03-06-41
237,comparator,200,srn,matching,1,0.6404603847370846,novice,cohyponyms_syntactic,2018-12-02-03-06-41
238,comparator,200,srn,matching,1,0.7503767882165719,expert,cohyponyms_syntactic,2018-12-02-03-06-41
239,comparator,200,srn,matching,1,0.5520150145331284,expert+rs,cohyponyms_syntactic,2018-12-02-03-06-41
240,comparator,200,srn,matching,0,0.7296090153233314,novice,hypernyms_None,2018-12-02-03-06-41
241,comparator,200,srn,matching,0,0.7552738267024128,expert,hypernyms_None,2018-12-02-03-06-41
242,comparator,200,srn,matching,0,0.6675599532742691,expert+rs,hypernyms_None,2018-12-02-03-06-41
243,comparator,200,srn,matching,1,0.7303305160448355,novice,hypernyms_None,2018-12-02-03-06-41
244,comparator,200,srn,matching,1,0.7664399092970703,expert,hypernyms_None,2018-12-02-03-06-41
245,comparator,200,srn,matching,1,0.6799285370714174,expert+rs,hypernyms_None,2018-12-02-03-06-41
246,comparator,200,srn,matching,0,0.632812199913946,novice,nyms_ant,2018-12-02-03-06-41
247,comparator,200,srn,matching,0,0.5983406315034873,expert,nyms_ant,2018-12-02-03-06-41
248,comparator,200,srn,matching,0,0.555428381357768,expert+rs,nyms_ant,2018-12-02-03-06-41
249,comparator,200,srn,matching,1,0.633215751518782,novice,nyms_ant,2018-12-02-03-06-41
250,comparator,200,srn,matching,1,0.5997801598609076,expert,nyms_ant,2018-12-02-03-06-41
251,comparator,200,srn,matching,1,0.5537494485102056,expert+rs,nyms_ant,2018-12-02-03-06-41
252,comparator,30,ww,matching,0,0.6968757318114454,novice,cohyponyms_semantic,2018-12-09-20-31-23
253,comparator,30,ww,matching,0,0.6852202914893877,expert,cohyponyms_semantic,2018-12-09-20-31-23
254,comparator,30,ww,matching,0,0.6398543577363507,expert+rs,cohyponyms_semantic,2018-12-09-20-31-23
255,comparator,30,ww,matching,1,0.6964448882409904,novice,cohyponyms_semantic,2018-12-09-20-31-23
256,comparator,30,ww,matching,1,0.6856440939397195,expert,cohyponyms_semantic,2018-12-09-20-31-23
257,comparator,30,ww,matching,1,0.6380960874290751,expert+rs,cohyponyms_semantic,2018-12-09-20-31-23
258,comparator,30,ww,matching,0,0.5357022719772935,novice,features_has,2018-12-09-20-31-23
259,comparator,30,ww,matching,0,0.5439415120359936,expert,features_has,2018-12-09-20-31-23
260,comparator,30,ww,matching,0,0.5544235524012041,expert+rs,features_has,2018-12-09-20-31-23
261,comparator,30,ww,matching,1,0.5364595505146521,novice,features_has,2018-12-09-20-31-23
262,comparator,30,ww,matching,1,0.5451257039881627,expert,features_has,2018-12-09-20-31-23
263,comparator,30,ww,matching,1,0.5582003846824201,expert+rs,features_has,2018-12-09-20-31-23
264,comparator,30,ww,matching,0,0.6011602779711518,novice,features_is,2018-12-09-20-31-23
265,comparator,30,ww,matching,0,0.5664798463652285,expert,features_is,2018-12-09-20-31-23
266,comparator,30,ww,matching,0,0.5791889715287727,expert+rs,features_is,2018-12-09-20-31-23
267,comparator,30,ww,matching,1,0.6008618270734306,novice,features_is,2018-12-09-20-31-23
268,comparator,30,ww,matching,1,0.5661813954675072,expert,features_is,2018-12-09-20-31-23
269,comparator,30,ww,matching,1,0.5707171931768549,expert+rs,features_is,2018-12-09-20-31-23
270,comparator,30,ww,matching,0,0.6216327339715023,novice,nyms_syn,2018-12-09-20-31-23
271,comparator,30,ww,matching,0,0.5962412642531381,expert,nyms_syn,2018-12-09-20-31-23
272,comparator,30,ww,matching,0,0.594239488493473,expert+rs,nyms_syn,2018-12-09-20-31-23
273,comparator,30,ww,matching,1,0.6192208718017422,novice,nyms_syn,2018-12-09-20-31-23
274,comparator,30,ww,matching,1,0.5913697318415555,expert,nyms_syn,2018-12-09-20-31-23
275,comparator,30,ww,matching,1,0.5917836010337192,expert+rs,nyms_syn,2018-12-09-20-31-23
276,comparator,30,ww,matching,0,0.6230763375578114,novice,cohyponyms_syntactic,2018-12-09-20-31-23
277,comparator,30,ww,matching,0,0.6786444641585324,expert,cohyponyms_syntactic,2018-12-09-20-31-23
278,comparator,30,ww,matching,0,0.5725925671712793,expert+rs,cohyponyms_syntactic,2018-12-09-20-31-23
279,comparator,30,ww,matching,1,0.6239499408523197,novice,cohyponyms_syntactic,2018-12-09-20-31-23
280,comparator,30,ww,matching,1,0.6761849392128081,expert,cohyponyms_syntactic,2018-12-09-20-31-23
281,comparator,30,ww,matching,1,0.5776954898901553,expert+rs,cohyponyms_syntactic,2018-12-09-20-31-23
282,comparator,30,ww,matching,0,0.6564282278568248,novice,hypernyms_None,2018-12-09-20-31-23
283,comparator,30,ww,matching,0,0.5935889507318509,expert,hypernyms_None,2018-12-09-20-31-23
284,comparator,30,ww,matching,0,0.5924208067065668,expert+rs,hypernyms_None,2018-12-09-20-31-23
285,comparator,30,ww,matching,1,0.6564282278568248,novice,hypernyms_None,2018-12-09-20-31-23
286,comparator,30,ww,matching,1,0.5882292310864248,expert,hypernyms_None,2018-12-09-20-31-23
287,comparator,30,ww,matching,1,0.5850340136054848,expert+rs,hypernyms_None,2018-12-09-20-31-23
288,comparator,30,ww,matching,0,0.6117677860967532,novice,nyms_ant,2018-12-09-20-31-23
289,comparator,30,ww,matching,0,0.5984052790213428,expert,nyms_ant,2018-12-09-20-31-23
290,comparator,30,ww,matching,0,0.5899537092495111,expert+rs,nyms_ant,2018-12-09-20-31-23
291,comparator,30,ww,matching,1,0.6087800251696789,novice,nyms_ant,2018-12-09-20-31-23
292,comparator,30,ww,matching,1,0.5996293597573661,expert,nyms_ant,2018-12-09-20-31-23
293,comparator,30,ww,matching,1,0.5897142401963398,expert+rs,nyms_ant,2018-12-09-20-31-23
294,comparator,30,normal,matching,0,0.5000032420795997,novice,cohyponyms_semantic,2018-11-30-20-06-34
295,comparator,30,normal,matching,0,0.5131921247773934,expert,cohyponyms_semantic,2018-11-30-20-06-34
296,comparator,30,normal,matching,0,0.5001118384852099,expert+rs,cohyponyms_semantic,2018-11-30-20-06-34
297,comparator,30,normal,matching,1,0.5017483698467112,novice,cohyponyms_semantic,2018-11-30-20-06-34
298,comparator,30,normal,matching,1,0.5112601544539541,expert,cohyponyms_semantic,2018-11-30-20-06-34
299,comparator,30,normal,matching,1,0.500008105198999,expert+rs,cohyponyms_semantic,2018-11-30-20-06-34
300,comparator,30,normal,matching,0,0.5053476895215113,novice,features_has,2018-11-30-20-06-34
301,comparator,30,normal,matching,0,0.511201431369788,expert,features_has,2018-11-30-20-06-34
302,comparator,30,normal,matching,0,0.5071300559791699,expert+rs,features_has,2018-11-30-20-06-34
303,comparator,30,normal,matching,1,0.5053476895215113,novice,features_has,2018-11-30-20-06-34
304,comparator,30,normal,matching,1,0.5038120051310322,expert,features_has,2018-11-30-20-06-34
305,comparator,30,normal,matching,1,0.5019393459550026,expert+rs,features_has,2018-11-30-20-06-34
306,comparator,30,normal,matching,0,0.5021806229206554,novice,features_is,2018-11-30-20-06-34
307,comparator,30,normal,matching,0,0.5006592157191969,expert,features_is,2018-11-30-20-06-34
308,comparator,30,normal,matching,0,0.5004431212352025,expert+rs,features_is,2018-11-30-20-06-34
309,comparator,30,normal,matching,1,0.5003585783680281,novice,features_is,2018-11-30-20-06-34
310,comparator,30,normal,matching,1,0.5002069842611815,expert,features_is,2018-11-30-20-06-34
311,comparator,30,normal,matching,1,0.500581232212292,expert+rs,features_is,2018-11-30-20-06-34
312,comparator,30,normal,matching,0,0.5123431152703188,novice,nyms_syn,2018-11-30-20-06-34
313,comparator,30,normal,matching,0,0.5200288357441271,expert,nyms_syn,2018-11-30-20-06-34
314,comparator,30,normal,matching,0,0.5216242292102982,expert+rs,nyms_syn,2018-11-30-20-06-34
315,comparator,30,normal,matching,1,0.5123431152703188,novice,nyms_syn,2018-11-30-20-06-34
316,comparator,30,normal,matching,1,0.5264404290285298,expert,nyms_syn,2018-11-30-20-06-34
317,comparator,30,normal,matching,1,0.5157848244661485,expert+rs,nyms_syn,2018-11-30-20-06-34
318,comparator,30,normal,matching,0,0.5030530828440574,novice,cohyponyms_syntactic,2018-11-30-20-06-34
319,comparator,30,normal,matching,0,0.5056305832264248,expert,cohyponyms_syntactic,2018-11-30-20-06-34
320,comparator,30,normal,matching,0,0.5013843413995009,expert+rs,cohyponyms_syntactic,2018-11-30-20-06-34
321,comparator,30,normal,matching,1,0.5008068764467966,novice,cohyponyms_syntactic,2018-11-30-20-06-34
322,comparator,30,normal,matching,1,0.5049917680843212,expert,cohyponyms_syntactic,2018-11-30-20-06-34
323,comparator,30,normal,matching,1,0.500000000000008,expert+rs,cohyponyms_syntactic,2018-11-30-20-06-34
324,comparator,30,normal,matching,0,0.5017865732152371,novice,hypernyms_None,2018-11-30-20-06-34
325,comparator,30,normal,matching,0,0.5017865732152371,expert,hypernyms_None,2018-11-30-20-06-34
326,comparator,30,normal,matching,0,0.5017865732152371,expert+rs,hypernyms_None,2018-11-30-20-06-34
327,comparator,30,normal,matching,1,0.5017865732152371,novice,hypernyms_None,2018-11-30-20-06-34
328,comparator,30,normal,matching,1,0.5017865732152371,expert,hypernyms_None,2018-11-30-20-06-34
329,comparator,30,normal,matching,1,0.5017865732152371,expert+rs,hypernyms_None,2018-11-30-20-06-34
330,comparator,30,normal,matching,0,0.5000000000000001,novice,nyms_ant,2018-11-30-20-06-34
331,comparator,30,normal,matching,0,0.5027278740155968,expert,nyms_ant,2018-11-30-20-06-34
332,comparator,30,normal,matching,0,0.5001409634081325,expert+rs,nyms_ant,2018-11-30-20-06-34
333,comparator,30,normal,matching,1,0.5000000000000001,novice,nyms_ant,2018-11-30-20-06-34
334,comparator,30,normal,matching,1,0.5099914195098308,expert,nyms_ant,2018-11-30-20-06-34
335,comparator,30,normal,matching,1,0.5002737113702528,expert+rs,nyms_ant,2018-11-30-20-06-34
336,comparator,30,ww,matching,0,0.590074668248376,novice,cohyponyms_semantic,2018-12-09-15-58-26
337,comparator,30,ww,matching,0,0.5177934725423505,expert,cohyponyms_semantic,2018-12-09-15-58-26
338,comparator,30,ww,matching,0,0.5198970343870263,expert+rs,cohyponyms_semantic,2018-12-09-15-58-26
339,comparator,30,ww,matching,1,0.5907363789810167,novice,cohyponyms_semantic,2018-12-09-15-58-26
340,comparator,30,ww,matching,1,0.519414476217396,expert,cohyponyms_semantic,2018-12-09-15-58-26
341,comparator,30,ww,matching,1,0.5169192171986491,expert+rs,cohyponyms_semantic,2018-12-09-15-58-26
342,comparator,30,ww,matching,0,0.5000000000000936,novice,features_has,2018-12-09-15-58-26
343,comparator,30,ww,matching,0,0.5030707786324726,expert,features_has,2018-12-09-15-58-26
344,comparator,30,ww,matching,0,0.5028253358771116,expert+rs,features_has,2018-12-09-15-58-26
345,comparator,30,ww,matching,1,0.5000000000000936,novice,features_has,2018-12-09-15-58-26
346,comparator,30,ww,matching,1,0.5030822865279517,expert,features_has,2018-12-09-15-58-26
347,comparator,30,ww,matching,1,0.5029356346291599,expert+rs,features_has,2018-12-09-15-58-26
348,comparator,30,ww,matching,0,0.5064547750322159,novice,features_is,2018-12-09-15-58-26
349,comparator,30,ww,matching,0,0.5025756421796067,expert,features_is,2018-12-09-15-58-26
350,comparator,30,ww,matching,0,0.5025111418024434,expert+rs,features_is,2018-12-09-15-58-26
351,comparator,30,ww,matching,1,0.500000000000002,novice,features_is,2018-12-09-15-58-26
352,comparator,30,ww,matching,1,0.5012557531056775,expert,features_is,2018-12-09-15-58-26
353,comparator,30,ww,matching,1,0.5013938640827671,expert+rs,features_is,2018-12-09-15-58-26
354,comparator,30,ww,matching,0,0.5444919368666667,novice,nyms_syn,2018-12-09-15-58-26
355,comparator,30,ww,matching,0,0.5011159343900605,expert,nyms_syn,2018-12-09-15-58-26
356,comparator,30,ww,matching,0,0.5016774039077249,expert+rs,nyms_syn,2018-12-09-15-58-26
357,comparator,30,ww,matching,1,0.5474095186918256,novice,nyms_syn,2018-12-09-15-58-26
358,comparator,30,ww,matching,1,0.5000598575668318,expert,nyms_syn,2018-12-09-15-58-26
359,comparator,30,ww,matching,1,0.5000511428030877,expert+rs,nyms_syn,2018-12-09-15-58-26
360,comparator,30,ww,matching,0,0.6105078951413632,novice,cohyponyms_syntactic,2018-12-09-15-58-26
361,comparator,30,ww,matching,0,0.5368779180405938,expert,cohyponyms_syntactic,2018-12-09-15-58-26
362,comparator,30,ww,matching,0,0.532258250260016,expert+rs,cohyponyms_syntactic,2018-12-09-15-58-26
363,comparator,30,ww,matching,1,0.6132418074020607,novice,cohyponyms_syntactic,2018-12-09-15-58-26
364,comparator,30,ww,matching,1,0.536981814927011,expert,cohyponyms_syntactic,2018-12-09-15-58-26
365,comparator,30,ww,matching,1,0.5319401535271491,expert+rs,cohyponyms_syntactic,2018-12-09-15-58-26
366,comparator,30,ww,matching,0,0.56029684601116,novice,hypernyms_None,2018-12-09-15-58-26
367,comparator,30,ww,matching,0,0.5194461623033334,expert,hypernyms_None,2018-12-09-15-58-26
368,comparator,30,ww,matching,0,0.521748093176692,expert+rs,hypernyms_None,2018-12-09-15-58-26
369,comparator,30,ww,matching,1,0.5611557754415177,novice,hypernyms_None,2018-12-09-15-58-26
370,comparator,30,ww,matching,1,0.519171304885618,expert,hypernyms_None,2018-12-09-15-58-26
371,comparator,30,ww,matching,1,0.5209235209235495,expert+rs,hypernyms_None,2018-12-09-15-58-26
372,comparator,30,ww,matching,0,0.5339595198327551,novice,nyms_ant,2018-12-09-15-58-26
373,comparator,30,ww,matching,0,0.5005665557148391,expert,nyms_ant,2018-12-09-15-58-26
374,comparator,30,ww,matching,0,0.5006645902888955,expert+rs,nyms_ant,2018-12-09-15-58-26
375,comparator,30,ww,matching,1,0.5339595198327551,novice,nyms_ant,2018-12-09-15-58-26
376,comparator,30,ww,matching,1,0.5008761258690404,expert,nyms_ant,2018-12-09-15-58-26
377,comparator,30,ww,matching,1,0.5000041870319248,expert+rs,nyms_ant,2018-12-09-15-58-26
378,comparator,30,ww,matching,0,0.6378654703963029,novice,cohyponyms_semantic,2018-10-25-11-15-17
379,comparator,30,ww,matching,0,0.6286778187559177,expert,cohyponyms_semantic,2018-10-25-11-15-17
380,comparator,30,ww,matching,0,0.59564345302311,expert+rs,cohyponyms_semantic,2018-10-25-11-15-17
381,comparator,30,ww,matching,1,0.638317321179283,novice,cohyponyms_semantic,2018-10-25-11-15-17
382,comparator,30,ww,matching,1,0.6301469998216093,expert,cohyponyms_semantic,2018-10-25-11-15-17
383,comparator,30,ww,matching,1,0.5960447424544115,expert+rs,cohyponyms_semantic,2018-10-25-11-15-17
384,comparator,30,ww,matching,0,0.5683956718982515,novice,features_has,2018-10-25-11-15-17
385,comparator,30,ww,matching,0,0.5877447522816583,expert,features_has,2018-10-25-11-15-17
386,comparator,30,ww,matching,0,0.5703284081901581,expert+rs,features_has,2018-10-25-11-15-17
387,comparator,30,ww,matching,1,0.5685361862527938,novice,features_has,2018-10-25-11-15-17
388,comparator,30,ww,matching,1,0.5792280834196416,expert,features_has,2018-10-25-11-15-17
389,comparator,30,ww,matching,1,0.568086670150934,expert+rs,features_has,2018-10-25-11-15-17
390,comparator,30,ww,matching,0,0.5294639180517802,novice,features_is,2018-10-25-11-15-17
391,comparator,30,ww,matching,0,0.5704460729474164,expert,features_is,2018-10-25-11-15-17
392,comparator,30,ww,matching,0,0.5717379025352278,expert+rs,features_is,2018-10-25-11-15-17
393,comparator,30,ww,matching,1,0.5387942437968961,novice,features_is,2018-10-25-11-15-17
394,comparator,30,ww,matching,1,0.5762817172405882,expert,features_is,2018-10-25-11-15-17
395,comparator,30,ww,matching,1,0.5615508514414465,expert+rs,features_is,2018-10-25-11-15-17
396,comparator,30,ww,matching,0,0.5925779476447149,novice,nyms_syn,2018-10-25-11-15-17
397,comparator,30,ww,matching,0,0.570731297005465,expert,nyms_syn,2018-10-25-11-15-17
398,comparator,30,ww,matching,0,0.5700805798248679,expert+rs,nyms_syn,2018-10-25-11-15-17
399,comparator,30,ww,matching,1,0.5933684670105641,novice,nyms_syn,2018-10-25-11-15-17
400,comparator,30,ww,matching,1,0.5708969664427597,expert,nyms_syn,2018-10-25-11-15-17
401,comparator,30,ww,matching,1,0.5689808128948629,expert+rs,nyms_syn,2018-10-25-11-15-17
402,comparator,30,ww,matching,0,0.6020045026477048,novice,cohyponyms_syntactic,2018-10-25-11-15-17
403,comparator,30,ww,matching,0,0.6144961647540865,expert,cohyponyms_syntactic,2018-10-25-11-15-17
404,comparator,30,ww,matching,0,0.5874917909684458,expert+rs,cohyponyms_syntactic,2018-10-25-11-15-17
405,comparator,30,ww,matching,1,0.6015633500544979,novice,cohyponyms_syntactic,2018-10-25-11-15-17
406,comparator,30,ww,matching,1,0.6147031846139814,expert,cohyponyms_syntactic,2018-10-25-11-15-17
407,comparator,30,ww,matching,1,0.5833791213308025,expert+rs,cohyponyms_syntactic,2018-10-25-11-15-17
408,comparator,30,ww,matching,0,0.6673881673882067,novice,hypernyms_None,2018-10-25-11-15-17
409,comparator,30,ww,matching,0,0.5821480107194946,expert,hypernyms_None,2018-10-25-11-15-17
410,comparator,30,ww,matching,0,0.585068370782708,expert+rs,hypernyms_None,2018-10-25-11-15-17
411,comparator,30,ww,matching,1,0.6598983027554814,novice,hypernyms_None,2018-10-25-11-15-17
412,comparator,30,ww,matching,1,0.5846217274789229,expert,hypernyms_None,2018-10-25-11-15-17
413,comparator,30,ww,matching,1,0.5778877207449233,expert+rs,hypernyms_None,2018-10-25-11-15-17
414,comparator,30,ww,matching,0,0.5783524106373755,novice,nyms_ant,2018-10-25-11-15-17
415,comparator,30,ww,matching,0,0.5618322398458213,expert,nyms_ant,2018-10-25-11-15-17
416,comparator,30,ww,matching,0,0.5604750564495873,expert+rs,nyms_ant,2018-10-25-11-15-17
417,comparator,30,ww,matching,1,0.5758731345682886,novice,nyms_ant,2018-10-25-11-15-17
418,comparator,30,ww,matching,1,0.5692079974768103,expert,nyms_ant,2018-10-25-11-15-17
419,comparator,30,ww,matching,1,0.5624984561665016,expert+rs,nyms_ant,2018-10-25-11-15-17
420,comparator,200,ww,matching,0,0.6076008128081059,novice,cohyponyms_semantic,2018-12-08-19-39-44
421,comparator,200,ww,matching,0,0.5155114861164285,expert,cohyponyms_semantic,2018-12-08-19-39-44
422,comparator,200,ww,matching,0,0.5063910063413268,expert+rs,cohyponyms_semantic,2018-12-08-19-39-44
423,comparator,200,ww,matching,1,0.6065662034757707,novice,cohyponyms_semantic,2018-12-08-19-39-44
424,comparator,200,ww,matching,1,0.516268011901369,expert,cohyponyms_semantic,2018-12-08-19-39-44
425,comparator,200,ww,matching,1,0.5045275220914606,expert+rs,cohyponyms_semantic,2018-12-08-19-39-44
426,comparator,200,ww,matching,0,0.5422341534509263,novice,features_has,2018-12-08-19-39-44
427,comparator,200,ww,matching,0,0.506420284394923,expert,features_has,2018-12-08-19-39-44
428,comparator,200,ww,matching,0,0.5063014875046762,expert+rs,features_has,2018-12-08-19-39-44
429,comparator,200,ww,matching,1,0.5422341534509263,novice,features_has,2018-12-08-19-39-44
430,comparator,200,ww,matching,1,0.5104134651111365,expert,features_has,2018-12-08-19-39-44
431,comparator,200,ww,matching,1,0.5069039110792651,expert+rs,features_has,2018-12-08-19-39-44
432,comparator,200,ww,matching,0,0.500000000000002,novice,features_is,2018-12-08-19-39-44
433,comparator,200,ww,matching,0,0.5140038700226349,expert,features_is,2018-12-08-19-39-44
434,comparator,200,ww,matching,0,0.503229027356179,expert+rs,features_is,2018-12-08-19-39-44
435,comparator,200,ww,matching,1,0.5014565424154448,novice,features_is,2018-12-08-19-39-44
436,comparator,200,ww,matching,1,0.5138391571950767,expert,features_is,2018-12-08-19-39-44
437,comparator,200,ww,matching,1,0.5021653177463551,expert+rs,features_is,2018-12-08-19-39-44
438,comparator,200,ww,matching,0,0.5391105018499122,novice,nyms_syn,2018-12-08-19-39-44
439,comparator,200,ww,matching,0,0.5005343504589086,expert,nyms_syn,2018-12-08-19-39-44
440,comparator,200,ww,matching,0,0.5000000000000614,expert+rs,nyms_syn,2018-12-08-19-39-44
441,comparator,200,ww,matching,1,0.5363871963238576,novice,nyms_syn,2018-12-08-19-39-44
442,comparator,200,ww,matching,1,0.5000000000000614,expert,nyms_syn,2018-12-08-19-39-44
443,comparator,200,ww,matching,1,0.5000000000000614,expert+rs,nyms_syn,2018-12-08-19-39-44
444,comparator,200,ww,matching,0,0.534765309753142,novice,cohyponyms_syntactic,2018-12-08-19-39-44
445,comparator,200,ww,matching,0,0.5369219866429624,expert,cohyponyms_syntactic,2018-12-08-19-39-44
446,comparator,200,ww,matching,0,0.524144439615495,expert+rs,cohyponyms_syntactic,2018-12-08-19-39-44
447,comparator,200,ww,matching,1,0.534765309753142,novice,cohyponyms_syntactic,2018-12-08-19-39-44
448,comparator,200,ww,matching,1,0.5384537121708058,expert,cohyponyms_syntactic,2018-12-08-19-39-44
449,comparator,200,ww,matching,1,0.5259469458018364,expert+rs,cohyponyms_syntactic,2018-12-08-19-39-44
450,comparator,200,ww,matching,0,0.6810279667422838,novice,hypernyms_None,2018-12-08-19-39-44
451,comparator,200,ww,matching,0,0.5344258915687619,expert,hypernyms_None,2018-12-08-19-39-44
452,comparator,200,ww,matching,0,0.5294784580499053,expert+rs,hypernyms_None,2018-12-08-19-39-44
453,comparator,200,ww,matching,1,0.6812341098055695,novice,hypernyms_None,2018-12-08-19-39-44
454,comparator,200,ww,matching,1,0.5319178176321309,expert,hypernyms_None,2018-12-08-19-39-44
455,comparator,200,ww,matching,1,0.5294784580499057,expert+rs,hypernyms_None,2018-12-08-19-39-44
456,comparator,200,ww,matching,0,0.5186389643749957,novice,nyms_ant,2018-12-08-19-39-44
457,comparator,200,ww,matching,0,0.500086531993111,expert,nyms_ant,2018-12-08-19-39-44
458,comparator,200,ww,matching,0,0.5000293092234732,expert+rs,nyms_ant,2018-12-08-19-39-44
459,comparator,200,ww,matching,1,0.5204062760370981,novice,nyms_ant,2018-12-08-19-39-44
460,comparator,200,ww,matching,1,0.5000000000000285,expert,nyms_ant,2018-12-08-19-39-44
461,comparator,200,ww,matching,1,0.5000000000000285,expert+rs,nyms_ant,2018-12-08-19-39-44
462,comparator,200,wd,matching,0,0.5666094207169249,novice,cohyponyms_semantic,2018-11-27-22-22-56
463,comparator,200,wd,matching,0,0.530302444048795,expert,cohyponyms_semantic,2018-11-27-22-22-56
464,comparator,200,wd,matching,0,0.5090755012936413,expert+rs,cohyponyms_semantic,2018-11-27-22-22-56
465,comparator,200,wd,matching,1,0.5716950592664064,novice,cohyponyms_semantic,2018-11-27-22-22-56
466,comparator,200,wd,matching,1,0.5316215931939499,expert,cohyponyms_semantic,2018-11-27-22-22-56
467,comparator,200,wd,matching,1,0.5110147541783929,expert+rs,cohyponyms_semantic,2018-11-27-22-22-56
468,comparator,200,wd,matching,0,0.5876901045318552,novice,features_has,2018-11-27-22-22-56
469,comparator,200,wd,matching,0,0.5034501260793274,expert,features_has,2018-11-27-22-22-56
470,comparator,200,wd,matching,0,0.5070299667958921,expert+rs,features_has,2018-11-27-22-22-56
471,comparator,200,wd,matching,1,0.5876901045318552,novice,features_has,2018-11-27-22-22-56
472,comparator,200,wd,matching,1,0.5083772167747624,expert,features_has,2018-11-27-22-22-56
473,comparator,200,wd,matching,1,0.5023162737930181,expert+rs,features_has,2018-11-27-22-22-56
474,comparator,200,wd,matching,0,0.500000000000002,novice,features_is,2018-11-27-22-22-56
475,comparator,200,wd,matching,0,0.5058032119001399,expert,features_is,2018-11-27-22-22-56
476,comparator,200,wd,matching,0,0.5017768578477306,expert+rs,features_is,2018-11-27-22-22-56
477,comparator,200,wd,matching,1,0.500000000000002,novice,features_is,2018-11-27-22-22-56
478,comparator,200,wd,matching,1,0.5077338503081105,expert,features_is,2018-11-27-22-22-56
479,comparator,200,wd,matching,1,0.5032355867165688,expert+rs,features_is,2018-11-27-22-22-56
480,comparator,200,wd,matching,0,0.5372851897953379,novice,nyms_syn,2018-11-27-22-22-56
481,comparator,200,wd,matching,0,0.5000000000000614,expert,nyms_syn,2018-11-27-22-22-56
482,comparator,200,wd,matching,0,0.5000236646194453,expert+rs,nyms_syn,2018-11-27-22-22-56
483,comparator,200,wd,matching,1,0.5372851897953379,novice,nyms_syn,2018-11-27-22-22-56
484,comparator,200,wd,matching,1,0.5000000000000614,expert,nyms_syn,2018-11-27-22-22-56
485,comparator,200,wd,matching,1,0.5000765620040871,expert+rs,nyms_syn,2018-11-27-22-22-56
486,comparator,200,wd,matching,0,0.5072882973373294,novice,cohyponyms_syntactic,2018-11-27-22-22-56
487,comparator,200,wd,matching,0,0.5308151951592216,expert,cohyponyms_syntactic,2018-11-27-22-22-56
488,comparator,200,wd,matching,0,0.5179937313496279,expert+rs,cohyponyms_syntactic,2018-11-27-22-22-56
489,comparator,200,wd,matching,1,0.5000000000000023,novice,cohyponyms_syntactic,2018-11-27-22-22-56
490,comparator,200,wd,matching,1,0.5304912589014463,expert,cohyponyms_syntactic,2018-11-27-22-22-56
491,comparator,200,wd,matching,1,0.5329511134081835,expert+rs,cohyponyms_syntactic,2018-11-27-22-22-56
492,comparator,200,wd,matching,0,0.6463615749330479,novice,hypernyms_None,2018-11-27-22-22-56
493,comparator,200,wd,matching,0,0.5442864014292836,expert,hypernyms_None,2018-11-27-22-22-56
494,comparator,200,wd,matching,0,0.5297876726448341,expert+rs,hypernyms_None,2018-11-27-22-22-56
495,comparator,200,wd,matching,1,0.6294922009207997,novice,hypernyms_None,2018-11-27-22-22-56
496,comparator,200,wd,matching,1,0.5468631897203458,expert,hypernyms_None,2018-11-27-22-22-56
497,comparator,200,wd,matching,1,0.5414003985432703,expert+rs,hypernyms_None,2018-11-27-22-22-56
498,comparator,200,wd,matching,0,0.5250765295460902,novice,nyms_ant,2018-11-27-22-22-56
499,comparator,200,wd,matching,0,0.5159656118438393,expert,nyms_ant,2018-11-27-22-22-56
500,comparator,200,wd,matching,0,0.5000698061834961,expert+rs,nyms_ant,2018-11-27-22-22-56
501,comparator,200,wd,matching,1,0.5250765295460902,novice,nyms_ant,2018-11-27-22-22-56
502,comparator,200,wd,matching,1,0.5151964127111057,expert,nyms_ant,2018-11-27-22-22-56
503,comparator,200,wd,matching,1,0.5000544314150215,expert+rs,nyms_ant,2018-11-27-22-22-56
504,comparator,30,ww,matching,0,0.5376931984498978,novice,cohyponyms_semantic,2018-12-09-14-26-02
505,comparator,30,ww,matching,0,0.5036074130419869,expert,cohyponyms_semantic,2018-12-09-14-26-02
506,comparator,30,ww,matching,0,0.5049979011993049,expert+rs,cohyponyms_semantic,2018-12-09-14-26-02
507,comparator,30,ww,matching,1,0.5376931984498978,novice,cohyponyms_semantic,2018-12-09-14-26-02
508,comparator,30,ww,matching,1,0.5051297116264879,expert,cohyponyms_semantic,2018-12-09-14-26-02
509,comparator,30,ww,matching,1,0.5041526416620076,expert+rs,cohyponyms_semantic,2018-12-09-14-26-02
510,comparator,30,ww,matching,0,0.507587421055851,novice,features_has,2018-12-09-14-26-02
511,comparator,30,ww,matching,0,0.5053846328166959,expert,features_has,2018-12-09-14-26-02
512,comparator,30,ww,matching,0,0.5043852753703677,expert+rs,features_has,2018-12-09-14-26-02
513,comparator,30,ww,matching,1,0.502514917773443,novice,features_has,2018-12-09-14-26-02
514,comparator,30,ww,matching,1,0.5040452908275367,expert,features_has,2018-12-09-14-26-02
515,comparator,30,ww,matching,1,0.5057203682904275,expert+rs,features_has,2018-12-09-14-26-02
516,comparator,30,ww,matching,0,0.5000000000000699,novice,features_is,2018-12-09-14-26-02
517,comparator,30,ww,matching,0,0.5028081350645207,expert,features_is,2018-12-09-14-26-02
518,comparator,30,ww,matching,0,0.5004409347817392,expert+rs,features_is,2018-12-09-14-26-02
519,comparator,30,ww,matching,1,0.500000000000002,novice,features_is,2018-12-09-14-26-02
520,comparator,30,ww,matching,1,0.5044279326718151,expert,features_is,2018-12-09-14-26-02
521,comparator,30,ww,matching,1,0.5051618522176129,expert+rs,features_is,2018-12-09-14-26-02
522,comparator,30,ww,matching,0,0.5043194924872063,novice,nyms_syn,2018-12-09-14-26-02
523,comparator,30,ww,matching,0,0.5014699323344431,expert,nyms_syn,2018-12-09-14-26-02
524,comparator,30,ww,matching,0,0.5009102755423611,expert+rs,nyms_syn,2018-12-09-14-26-02
525,comparator,30,ww,matching,1,0.5039956507719757,novice,nyms_syn,2018-12-09-14-26-02
526,comparator,30,ww,matching,1,0.5006778636012519,expert,nyms_syn,2018-12-09-14-26-02
527,comparator,30,ww,matching,1,0.5010992880968331,expert+rs,nyms_syn,2018-12-09-14-26-02
528,comparator,30,ww,matching,0,0.6007764546326949,novice,cohyponyms_syntactic,2018-12-09-14-26-02
529,comparator,30,ww,matching,0,0.5395349907443012,expert,cohyponyms_syntactic,2018-12-09-14-26-02
530,comparator,30,ww,matching,0,0.5364303334532432,expert+rs,cohyponyms_syntactic,2018-12-09-14-26-02
531,comparator,30,ww,matching,1,0.5976600886683584,novice,cohyponyms_syntactic,2018-12-09-14-26-02
532,comparator,30,ww,matching,1,0.5375807939188519,expert,cohyponyms_syntactic,2018-12-09-14-26-02
533,comparator,30,ww,matching,1,0.5345814332227812,expert+rs,cohyponyms_syntactic,2018-12-09-14-26-02
534,comparator,30,ww,matching,0,0.5545935545935744,novice,hypernyms_None,2018-12-09-14-26-02
535,comparator,30,ww,matching,0,0.5268329554044071,expert,hypernyms_None,2018-12-09-14-26-02
536,comparator,30,ww,matching,0,0.5260770975056931,expert+rs,hypernyms_None,2018-12-09-14-26-02
537,comparator,30,ww,matching,1,0.5550745550745826,novice,hypernyms_None,2018-12-09-14-26-02
538,comparator,30,ww,matching,1,0.5280010994296943,expert,hypernyms_None,2018-12-09-14-26-02
539,comparator,30,ww,matching,1,0.5270047412904788,expert+rs,hypernyms_None,2018-12-09-14-26-02
540,comparator,30,ww,matching,0,0.5102870169494492,novice,nyms_ant,2018-12-09-14-26-02
541,comparator,30,ww,matching,0,0.5000167481276989,expert,nyms_ant,2018-12-09-14-26-02
542,comparator,30,ww,matching,0,0.5000013956773084,expert+rs,nyms_ant,2018-12-09-14-26-02
543,comparator,30,ww,matching,1,0.500011165418466,novice,nyms_ant,2018-12-09-14-26-02
544,comparator,30,ww,matching,1,0.5000376832873227,expert,nyms_ant,2018-12-09-14-26-02
545,comparator,30,ww,matching,1,0.5000572227696379,expert+rs,nyms_ant,2018-12-09-14-26-02
546,comparator,30,cbow,matching,0,0.7793867838275896,novice,cohyponyms_semantic,2018-11-14-10-15-41
547,comparator,30,cbow,matching,0,0.8038493544896059,expert,cohyponyms_semantic,2018-11-14-10-15-41
548,comparator,30,cbow,matching,0,0.7573834178813437,expert+rs,cohyponyms_semantic,2018-11-14-10-15-41
549,comparator,30,cbow,matching,1,0.7789150296938833,novice,cohyponyms_semantic,2018-11-14-10-15-41
550,comparator,30,cbow,matching,1,0.8011150664075766,expert,cohyponyms_semantic,2018-11-14-10-15-41
551,comparator,30,cbow,matching,1,0.7589070567388083,expert+rs,cohyponyms_semantic,2018-11-14-10-15-41
552,comparator,30,cbow,matching,0,0.6797628877807033,novice,features_has,2018-11-14-10-15-41
553,comparator,30,cbow,matching,0,0.6146047114622838,expert,features_has,2018-11-14-10-15-41
554,comparator,30,cbow,matching,0,0.6041483425562013,expert+rs,features_has,2018-11-14-10-15-41
555,comparator,30,cbow,matching,1,0.6783671866111233,novice,features_has,2018-11-14-10-15-41
556,comparator,30,cbow,matching,1,0.6182620976899214,expert,features_has,2018-11-14-10-15-41
557,comparator,30,cbow,matching,1,0.6011178710653522,expert+rs,features_has,2018-11-14-10-15-41
558,comparator,30,cbow,matching,0,0.6087017203744887,novice,features_is,2018-11-14-10-15-41
559,comparator,30,cbow,matching,0,0.5488122091561666,expert,features_is,2018-11-14-10-15-41
560,comparator,30,cbow,matching,0,0.5541861473597027,expert+rs,features_is,2018-11-14-10-15-41
561,comparator,30,cbow,matching,1,0.6098649136168934,novice,features_is,2018-11-14-10-15-41
562,comparator,30,cbow,matching,1,0.5443737086259521,expert,features_is,2018-11-14-10-15-41
563,comparator,30,cbow,matching,1,0.5463914407635381,expert+rs,features_is,2018-11-14-10-15-41
564,comparator,30,cbow,matching,0,0.657088268011328,novice,nyms_syn,2018-11-14-10-15-41
565,comparator,30,cbow,matching,0,0.6222020631936727,expert,nyms_syn,2018-11-14-10-15-41
566,comparator,30,cbow,matching,0,0.6184557169130945,expert+rs,nyms_syn,2018-11-14-10-15-41
567,comparator,30,cbow,matching,1,0.6601446840947056,novice,nyms_syn,2018-11-14-10-15-41
568,comparator,30,cbow,matching,1,0.6189855321378025,expert,nyms_syn,2018-11-14-10-15-41
569,comparator,30,cbow,matching,1,0.6159608250711792,expert+rs,nyms_syn,2018-11-14-10-15-41
570,comparator,30,cbow,matching,0,0.6477139115361119,novice,cohyponyms_syntactic,2018-11-14-10-15-41
571,comparator,30,cbow,matching,0,0.7330757496802099,expert,cohyponyms_syntactic,2018-11-14-10-15-41
572,comparator,30,cbow,matching,0,0.5567495398809907,expert+rs,cohyponyms_syntactic,2018-11-14-10-15-41
573,comparator,30,cbow,matching,1,0.6456984274711202,novice,cohyponyms_syntactic,2018-11-14-10-15-41
574,comparator,30,cbow,matching,1,0.7502562022123594,expert,cohyponyms_syntactic,2018-11-14-10-15-41
575,comparator,30,cbow,matching,1,0.5484752737555991,expert+rs,cohyponyms_syntactic,2018-11-14-10-15-41
576,comparator,30,cbow,matching,0,0.8166357452071886,novice,hypernyms_None,2018-11-14-10-15-41
577,comparator,30,cbow,matching,0,0.8008314436886041,expert,hypernyms_None,2018-11-14-10-15-41
578,comparator,30,cbow,matching,0,0.7956778671064539,expert+rs,hypernyms_None,2018-11-14-10-15-41
579,comparator,30,cbow,matching,1,0.8215488215488402,novice,hypernyms_None,2018-11-14-10-15-41
580,comparator,30,cbow,matching,1,0.7948189376760979,expert,hypernyms_None,2018-11-14-10-15-41
581,comparator,30,cbow,matching,1,0.7888407888408051,expert+rs,hypernyms_None,2018-11-14-10-15-41
582,comparator,30,cbow,matching,0,0.641675353409539,novice,nyms_ant,2018-11-14-10-15-41
583,comparator,30,cbow,matching,0,0.6137274310191649,expert,nyms_ant,2018-11-14-10-15-41
584,comparator,30,cbow,matching,0,0.60095187201051,expert+rs,nyms_ant,2018-11-14-10-15-41
585,comparator,30,cbow,matching,1,0.6399556334668641,novice,nyms_ant,2018-11-14-10-15-41
586,comparator,30,cbow,matching,1,0.6200926146593186,expert,nyms_ant,2018-11-14-10-15-41
587,comparator,30,cbow,matching,1,0.5997187452769004,expert+rs,nyms_ant,2018-11-14-10-15-41
588,comparator,30,wd,matching,0,0.5532033401778879,novice,cohyponyms_semantic,2018-12-09-17-27-36
589,comparator,30,wd,matching,0,0.5399934818195442,expert,cohyponyms_semantic,2018-12-09-17-27-36
590,comparator,30,wd,matching,0,0.5363189485843505,expert+rs,cohyponyms_semantic,2018-12-09-17-27-36
591,comparator,30,wd,matching,1,0.5532033401778879,novice,cohyponyms_semantic,2018-12-09-17-27-36
592,comparator,30,wd,matching,1,0.5403549732376174,expert,cohyponyms_semantic,2018-12-09-17-27-36
593,comparator,30,wd,matching,1,0.5366570325535351,expert+rs,cohyponyms_semantic,2018-12-09-17-27-36
594,comparator,30,wd,matching,0,0.5406674272500895,novice,features_has,2018-12-09-17-27-36
595,comparator,30,wd,matching,0,0.5466166551233883,expert,features_has,2018-12-09-17-27-36
596,comparator,30,wd,matching,0,0.5482868933686927,expert+rs,features_has,2018-12-09-17-27-36
597,comparator,30,wd,matching,1,0.5433691860342102,novice,features_has,2018-12-09-17-27-36
598,comparator,30,wd,matching,1,0.5433664713511502,expert,features_has,2018-12-09-17-27-36
599,comparator,30,wd,matching,1,0.5469718654971545,expert+rs,features_has,2018-12-09-17-27-36
600,comparator,30,wd,matching,0,0.5188246355000251,novice,features_is,2018-12-09-17-27-36
601,comparator,30,wd,matching,0,0.5348837717780082,expert,features_is,2018-12-09-17-27-36
602,comparator,30,wd,matching,0,0.5341243436084706,expert+rs,features_is,2018-12-09-17-27-36
603,comparator,30,wd,matching,1,0.5197072338813242,novice,features_is,2018-12-09-17-27-36
604,comparator,30,wd,matching,1,0.5321200946005739,expert,features_is,2018-12-09-17-27-36
605,comparator,30,wd,matching,1,0.5370039028194522,expert+rs,features_is,2018-12-09-17-27-36
606,comparator,30,wd,matching,0,0.5757060761097965,novice,nyms_syn,2018-12-09-17-27-36
607,comparator,30,wd,matching,0,0.5555370209115338,expert,nyms_syn,2018-12-09-17-27-36
608,comparator,30,wd,matching,0,0.553742005315867,expert+rs,nyms_syn,2018-12-09-17-27-36
609,comparator,30,wd,matching,1,0.575434413529465,novice,nyms_syn,2018-12-09-17-27-36
610,comparator,30,wd,matching,1,0.5522605160007763,expert,nyms_syn,2018-12-09-17-27-36
611,comparator,30,wd,matching,1,0.5545554915728272,expert+rs,nyms_syn,2018-12-09-17-27-36
612,comparator,30,wd,matching,0,0.5105450488871599,novice,cohyponyms_syntactic,2018-12-09-17-27-36
613,comparator,30,wd,matching,0,0.5057535168899843,expert,cohyponyms_syntactic,2018-12-09-17-27-36
614,comparator,30,wd,matching,0,0.5051129354489688,expert+rs,cohyponyms_syntactic,2018-12-09-17-27-36
615,comparator,30,wd,matching,1,0.5105450488871599,novice,cohyponyms_syntactic,2018-12-09-17-27-36
616,comparator,30,wd,matching,1,0.5060874843925115,expert,cohyponyms_syntactic,2018-12-09-17-27-36
617,comparator,30,wd,matching,1,0.5028176503813608,expert+rs,cohyponyms_syntactic,2018-12-09-17-27-36
618,comparator,30,wd,matching,0,0.6002198859342149,novice,hypernyms_None,2018-12-09-17-27-36
619,comparator,30,wd,matching,0,0.5449048306191453,expert,hypernyms_None,2018-12-09-17-27-36
620,comparator,30,wd,matching,0,0.5510204081633185,expert+rs,hypernyms_None,2018-12-09-17-27-36
621,comparator,30,wd,matching,1,0.5981240981241343,novice,hypernyms_None,2018-12-09-17-27-36
622,comparator,30,wd,matching,1,0.5451109736824311,expert,hypernyms_None,2018-12-09-17-27-36
623,comparator,30,wd,matching,1,0.5431869717584372,expert+rs,hypernyms_None,2018-12-09-17-27-36
624,comparator,30,wd,matching,0,0.5329858703143924,novice,nyms_ant,2018-12-09-17-27-36
625,comparator,30,wd,matching,0,0.5506467630021227,expert,nyms_ant,2018-12-09-17-27-36
626,comparator,30,wd,matching,0,0.5511736475260118,expert+rs,nyms_ant,2018-12-09-17-27-36
627,comparator,30,wd,matching,1,0.5344085564893339,novice,nyms_ant,2018-12-09-17-27-36
628,comparator,30,wd,matching,1,0.5521636338816756,expert,nyms_ant,2018-12-09-17-27-36
629,comparator,30,wd,matching,1,0.5504901251255372,expert+rs,nyms_ant,2018-12-09-17-27-36
630,comparator,200,ww,matching,0,0.6506045522748451,novice,cohyponyms_semantic,2018-10-25-11-11-01
631,comparator,200,ww,matching,0,0.7216529456126846,expert,cohyponyms_semantic,2018-10-25-11-11-01
632,comparator,200,ww,matching,0,0.5920834946065991,expert+rs,cohyponyms_semantic,2018-10-25-11-11-01
633,comparator,200,ww,matching,1,0.6509863851130746,novice,cohyponyms_semantic,2018-10-25-11-11-01
634,comparator,200,ww,matching,1,0.7185110307254226,expert,cohyponyms_semantic,2018-10-25-11-11-01
635,comparator,200,ww,matching,1,0.5925701216089901,expert+rs,cohyponyms_semantic,2018-10-25-11-11-01
636,comparator,200,ww,matching,0,0.5784552839771272,novice,features_has,2018-10-25-11-11-01
637,comparator,200,ww,matching,0,0.579126872954279,expert,features_has,2018-10-25-11-11-01
638,comparator,200,ww,matching,0,0.5680648936717945,expert+rs,features_has,2018-10-25-11-11-01
639,comparator,200,ww,matching,1,0.5784552839771272,novice,features_has,2018-10-25-11-11-01
640,comparator,200,ww,matching,1,0.576151108228077,expert,features_has,2018-10-25-11-11-01
641,comparator,200,ww,matching,1,0.5645019902167829,expert+rs,features_has,2018-10-25-11-11-01
642,comparator,200,ww,matching,0,0.5385774204951189,novice,features_is,2018-10-25-11-11-01
643,comparator,200,ww,matching,0,0.5691363873229685,expert,features_is,2018-10-25-11-11-01
644,comparator,200,ww,matching,0,0.5208995798365548,expert+rs,features_is,2018-10-25-11-11-01
645,comparator,200,ww,matching,1,0.5385774204951189,novice,features_is,2018-10-25-11-11-01
646,comparator,200,ww,matching,1,0.5681499324021726,expert,features_is,2018-10-25-11-11-01
647,comparator,200,ww,matching,1,0.5229818123513043,expert+rs,features_is,2018-10-25-11-11-01
648,comparator,200,ww,matching,0,0.5935106975640656,novice,nyms_syn,2018-10-25-11-11-01
649,comparator,200,ww,matching,0,0.5765573901874124,expert,nyms_syn,2018-10-25-11-11-01
650,comparator,200,ww,matching,0,0.5686675602332468,expert+rs,nyms_syn,2018-10-25-11-11-01
651,comparator,200,ww,matching,1,0.5979216677086707,novice,nyms_syn,2018-10-25-11-11-01
652,comparator,200,ww,matching,1,0.5764856130948164,expert,nyms_syn,2018-10-25-11-11-01
653,comparator,200,ww,matching,1,0.5682993067412676,expert+rs,nyms_syn,2018-10-25-11-11-01
654,comparator,200,ww,matching,0,0.573069290136248,novice,cohyponyms_syntactic,2018-10-25-11-11-01
655,comparator,200,ww,matching,0,0.6652288759019007,expert,cohyponyms_syntactic,2018-10-25-11-11-01
656,comparator,200,ww,matching,0,0.5569042410044047,expert+rs,cohyponyms_syntactic,2018-10-25-11-11-01
657,comparator,200,ww,matching,1,0.573069290136248,novice,cohyponyms_syntactic,2018-10-25-11-11-01
658,comparator,200,ww,matching,1,0.6764565530311691,expert,cohyponyms_syntactic,2018-10-25-11-11-01
659,comparator,200,ww,matching,1,0.5589104899551789,expert+rs,cohyponyms_syntactic,2018-10-25-11-11-01
660,comparator,200,ww,matching,0,0.721706864564037,novice,hypernyms_None,2018-10-25-11-11-01
661,comparator,200,ww,matching,0,0.6246478389335864,expert,hypernyms_None,2018-10-25-11-11-01
662,comparator,200,ww,matching,0,0.6033120318834935,expert+rs,hypernyms_None,2018-10-25-11-11-01
663,comparator,200,ww,matching,1,0.7182024324881826,novice,hypernyms_None,2018-10-25-11-11-01
664,comparator,200,ww,matching,1,0.6214182642754568,expert,hypernyms_None,2018-10-25-11-11-01
665,comparator,200,ww,matching,1,0.606301106301135,expert+rs,hypernyms_None,2018-10-25-11-11-01
666,comparator,200,ww,matching,0,0.5735929852247983,novice,nyms_ant,2018-10-25-11-11-01
667,comparator,200,ww,matching,0,0.5878614104197875,expert,nyms_ant,2018-10-25-11-11-01
668,comparator,200,ww,matching,0,0.5675784091153249,expert+rs,nyms_ant,2018-10-25-11-11-01
669,comparator,200,ww,matching,1,0.5756810101414842,novice,nyms_ant,2018-10-25-11-11-01
670,comparator,200,ww,matching,1,0.596645805789078,expert,nyms_ant,2018-10-25-11-11-01
671,comparator,200,ww,matching,1,0.5689640265473185,expert+rs,nyms_ant,2018-10-25-11-11-01
672,comparator,200,ww,matching,0,0.7017835406944289,novice,cohyponyms_semantic,2018-12-09-05-08-11
673,comparator,200,ww,matching,0,0.7502449832407816,expert,cohyponyms_semantic,2018-12-09-05-08-11
674,comparator,200,ww,matching,0,0.6217350827161979,expert+rs,cohyponyms_semantic,2018-12-09-05-08-11
675,comparator,200,ww,matching,1,0.6985961584987525,novice,cohyponyms_semantic,2018-12-09-05-08-11
676,comparator,200,ww,matching,1,0.7486074024332049,expert,cohyponyms_semantic,2018-12-09-05-08-11
677,comparator,200,ww,matching,1,0.6239432786787928,expert+rs,cohyponyms_semantic,2018-12-09-05-08-11
678,comparator,200,ww,matching,0,0.5524307389934207,novice,features_has,2018-12-09-05-08-11
679,comparator,200,ww,matching,0,0.5803540867310838,expert,features_has,2018-12-09-05-08-11
680,comparator,200,ww,matching,0,0.5334073615594616,expert+rs,features_has,2018-12-09-05-08-11
681,comparator,200,ww,matching,1,0.5524307389934207,novice,features_has,2018-12-09-05-08-11
682,comparator,200,ww,matching,1,0.5797801673283709,expert,features_has,2018-12-09-05-08-11
683,comparator,200,ww,matching,1,0.5350570036226012,expert+rs,features_has,2018-12-09-05-08-11
684,comparator,200,ww,matching,0,0.5700761979032218,novice,features_is,2018-12-09-05-08-11
685,comparator,200,ww,matching,0,0.5941129740504637,expert,features_is,2018-12-09-05-08-11
686,comparator,200,ww,matching,0,0.5126810656774492,expert+rs,features_is,2018-12-09-05-08-11
687,comparator,200,ww,matching,1,0.5700761979032218,novice,features_is,2018-12-09-05-08-11
688,comparator,200,ww,matching,1,0.6012262359839435,expert,features_is,2018-12-09-05-08-11
689,comparator,200,ww,matching,1,0.5066836238280019,expert+rs,features_is,2018-12-09-05-08-11
690,comparator,200,ww,matching,0,0.632935245570513,novice,nyms_syn,2018-12-09-05-08-11
691,comparator,200,ww,matching,0,0.5911272575633426,expert,nyms_syn,2018-12-09-05-08-11
692,comparator,200,ww,matching,0,0.5857788928176209,expert+rs,nyms_syn,2018-12-09-05-08-11
693,comparator,200,ww,matching,1,0.631579559410858,novice,nyms_syn,2018-12-09-05-08-11
694,comparator,200,ww,matching,1,0.5937074398540385,expert,nyms_syn,2018-12-09-05-08-11
695,comparator,200,ww,matching,1,0.5855187564358084,expert+rs,nyms_syn,2018-12-09-05-08-11
696,comparator,200,ww,matching,0,0.6016847988420353,novice,cohyponyms_syntactic,2018-12-09-05-08-11
697,comparator,200,ww,matching,0,0.7639999888023339,expert,cohyponyms_syntactic,2018-12-09-05-08-11
698,comparator,200,ww,matching,0,0.5490686909424879,expert+rs,cohyponyms_syntactic,2018-12-09-05-08-11
699,comparator,200,ww,matching,1,0.6016847988420353,novice,cohyponyms_syntactic,2018-12-09-05-08-11
700,comparator,200,ww,matching,1,0.7647908796885484,expert,cohyponyms_syntactic,2018-12-09-05-08-11
701,comparator,200,ww,matching,1,0.5522259076606543,expert+rs,cohyponyms_syntactic,2018-12-09-05-08-11
702,comparator,200,ww,matching,0,0.7017797017797418,novice,hypernyms_None,2018-12-09-05-08-11
703,comparator,200,ww,matching,0,0.6289768432625985,expert,hypernyms_None,2018-12-09-05-08-11
704,comparator,200,ww,matching,0,0.588229231086421,expert+rs,hypernyms_None,2018-12-09-05-08-11
705,comparator,200,ww,matching,1,0.7030165601594571,novice,hypernyms_None,2018-12-09-05-08-11
706,comparator,200,ww,matching,1,0.6233079090222342,expert,hypernyms_None,2018-12-09-05-08-11
707,comparator,200,ww,matching,1,0.5865457294029228,expert+rs,hypernyms_None,2018-12-09-05-08-11
708,comparator,200,ww,matching,0,0.5978090004014391,novice,nyms_ant,2018-12-09-05-08-11
709,comparator,200,ww,matching,0,0.6236178149697345,expert,nyms_ant,2018-12-09-05-08-11
710,comparator,200,ww,matching,0,0.5776975605979158,expert+rs,nyms_ant,2018-12-09-05-08-11
711,comparator,200,ww,matching,1,0.6063777672134398,novice,nyms_ant,2018-12-09-05-08-11
712,comparator,200,ww,matching,1,0.6158123895905617,expert,nyms_ant,2018-12-09-05-08-11
713,comparator,200,ww,matching,1,0.5790609117560066,expert+rs,nyms_ant,2018-12-09-05-08-11
714,comparator,200,normal,matching,0,0.5000000000000001,novice,cohyponyms_semantic,2018-11-30-21-10-28
715,comparator,200,normal,matching,0,0.548374529662963,expert,cohyponyms_semantic,2018-11-30-21-10-28
716,comparator,200,normal,matching,0,0.5012168622197035,expert+rs,cohyponyms_semantic,2018-11-30-21-10-28
717,comparator,200,normal,matching,1,0.5000000000000001,novice,cohyponyms_semantic,2018-11-30-21-10-28
718,comparator,200,normal,matching,1,0.5534322360276398,expert,cohyponyms_semantic,2018-11-30-21-10-28
719,comparator,200,normal,matching,1,0.5000429111412837,expert+rs,cohyponyms_semantic,2018-11-30-21-10-28
720,comparator,200,normal,matching,0,0.5000000000000936,novice,features_has,2018-11-30-21-10-28
721,comparator,200,normal,matching,0,0.6018238066844088,expert,features_has,2018-11-30-21-10-28
722,comparator,200,normal,matching,0,0.5024171301693621,expert+rs,features_has,2018-11-30-21-10-28
723,comparator,200,normal,matching,1,0.5000000000000016,novice,features_has,2018-11-30-21-10-28
724,comparator,200,normal,matching,1,0.5971215625621699,expert,features_has,2018-11-30-21-10-28
725,comparator,200,normal,matching,1,0.5020411465688984,expert+rs,features_has,2018-11-30-21-10-28
726,comparator,200,normal,matching,0,0.5008016996031607,novice,features_is,2018-11-30-21-10-28
727,comparator,200,normal,matching,0,0.6817070371004995,expert,features_is,2018-11-30-21-10-28
728,comparator,200,normal,matching,0,0.5265548417190211,expert+rs,features_is,2018-11-30-21-10-28
729,comparator,200,normal,matching,1,0.500000000000002,novice,features_is,2018-11-30-21-10-28
730,comparator,200,normal,matching,1,0.6702328937347481,expert,features_is,2018-11-30-21-10-28
731,comparator,200,normal,matching,1,0.5052438442225137,expert+rs,features_is,2018-11-30-21-10-28
732,comparator,200,normal,matching,0,0.5029967500498393,novice,nyms_syn,2018-11-30-21-10-28
733,comparator,200,normal,matching,0,0.5307759555865259,expert,nyms_syn,2018-11-30-21-10-28
734,comparator,200,normal,matching,0,0.5091755654277871,expert+rs,nyms_syn,2018-11-30-21-10-28
735,comparator,200,normal,matching,1,0.5029967500498393,novice,nyms_syn,2018-11-30-21-10-28
736,comparator,200,normal,matching,1,0.5212229020270255,expert,nyms_syn,2018-11-30-21-10-28
737,comparator,200,normal,matching,1,0.5030455876132538,expert+rs,nyms_syn,2018-11-30-21-10-28
738,comparator,200,normal,matching,0,0.5000000000000023,novice,cohyponyms_syntactic,2018-11-30-21-10-28
739,comparator,200,normal,matching,0,0.5379395895853065,expert,cohyponyms_syntactic,2018-11-30-21-10-28
740,comparator,200,normal,matching,0,0.500000000000008,expert+rs,cohyponyms_syntactic,2018-11-30-21-10-28
741,comparator,200,normal,matching,1,0.5000000000000023,novice,cohyponyms_syntactic,2018-11-30-21-10-28
742,comparator,200,normal,matching,1,0.5556525534668719,expert,cohyponyms_syntactic,2018-11-30-21-10-28
743,comparator,200,normal,matching,1,0.5005978014592392,expert+rs,cohyponyms_syntactic,2018-11-30-21-10-28
744,comparator,200,normal,matching,0,0.5017865732152371,novice,hypernyms_None,2018-11-30-21-10-28
745,comparator,200,normal,matching,0,0.5512609084038049,expert,hypernyms_None,2018-11-30-21-10-28
746,comparator,200,normal,matching,0,0.5017865732152371,expert+rs,hypernyms_None,2018-11-30-21-10-28
747,comparator,200,normal,matching,1,0.5017865732152371,novice,hypernyms_None,2018-11-30-21-10-28
748,comparator,200,normal,matching,1,0.5528069813784484,expert,hypernyms_None,2018-11-30-21-10-28
749,comparator,200,normal,matching,1,0.508829794544156,expert+rs,hypernyms_None,2018-11-30-21-10-28
750,comparator,200,normal,matching,0,0.5105459043296279,novice,nyms_ant,2018-11-30-21-10-28
751,comparator,200,normal,matching,0,0.5698413791138571,expert,nyms_ant,2018-11-30-21-10-28
752,comparator,200,normal,matching,0,0.5070512200133501,expert+rs,nyms_ant,2018-11-30-21-10-28
753,comparator,200,normal,matching,1,0.5000000000000001,novice,nyms_ant,2018-11-30-21-10-28
754,comparator,200,normal,matching,1,0.5741090231599781,expert,nyms_ant,2018-11-30-21-10-28
755,comparator,200,normal,matching,1,0.5096735199279477,expert+rs,nyms_ant,2018-11-30-21-10-28
756,comparator,200,sg,matching,0,0.713987902589236,novice,cohyponyms_semantic,2018-11-16-07-35-20
757,comparator,200,sg,matching,0,0.8394105421892968,expert,cohyponyms_semantic,2018-11-16-07-35-20
758,comparator,200,sg,matching,0,0.7483724943320318,expert+rs,cohyponyms_semantic,2018-11-16-07-35-20
759,comparator,200,sg,matching,1,0.7528517048647061,novice,cohyponyms_semantic,2018-11-16-07-35-20
760,comparator,200,sg,matching,1,0.8414288885553021,expert,cohyponyms_semantic,2018-11-16-07-35-20
761,comparator,200,sg,matching,1,0.7465423088461189,expert+rs,cohyponyms_semantic,2018-11-16-07-35-20
762,comparator,200,sg,matching,0,0.708078802291318,novice,features_has,2018-11-16-07-35-20
763,comparator,200,sg,matching,0,0.7480482609268588,expert,features_has,2018-11-16-07-35-20
764,comparator,200,sg,matching,0,0.6248140442120759,expert+rs,features_has,2018-11-16-07-35-20
765,comparator,200,sg,matching,1,0.7133227437089378,novice,features_has,2018-11-16-07-35-20
766,comparator,200,sg,matching,1,0.7392922868537304,expert,features_has,2018-11-16-07-35-20
767,comparator,200,sg,matching,1,0.6276262787927773,expert+rs,features_has,2018-11-16-07-35-20
768,comparator,200,sg,matching,0,0.6132469927154878,novice,features_is,2018-11-16-07-35-20
769,comparator,200,sg,matching,0,0.6741885524585034,expert,features_is,2018-11-16-07-35-20
770,comparator,200,sg,matching,0,0.5642970369911746,expert+rs,features_is,2018-11-16-07-35-20
771,comparator,200,sg,matching,1,0.6132469927154878,novice,features_is,2018-11-16-07-35-20
772,comparator,200,sg,matching,1,0.6758170958796508,expert,features_is,2018-11-16-07-35-20
773,comparator,200,sg,matching,1,0.5713366883247284,expert+rs,features_is,2018-11-16-07-35-20
774,comparator,200,sg,matching,0,0.6689567433193548,novice,nyms_syn,2018-11-16-07-35-20
775,comparator,200,sg,matching,0,0.658146072054212,expert,nyms_syn,2018-11-16-07-35-20
776,comparator,200,sg,matching,0,0.6485537370733605,expert+rs,nyms_syn,2018-11-16-07-35-20
777,comparator,200,sg,matching,1,0.6682472664679953,novice,nyms_syn,2018-11-16-07-35-20
778,comparator,200,sg,matching,1,0.6568770273369271,expert,nyms_syn,2018-11-16-07-35-20
779,comparator,200,sg,matching,1,0.6415736320034064,expert+rs,nyms_syn,2018-11-16-07-35-20
780,comparator,200,sg,matching,0,0.5704381712880153,novice,cohyponyms_syntactic,2018-11-16-07-35-20
781,comparator,200,sg,matching,0,0.7869550723468648,expert,cohyponyms_syntactic,2018-11-16-07-35-20
782,comparator,200,sg,matching,0,0.5098504564694093,expert+rs,cohyponyms_syntactic,2018-11-16-07-35-20
783,comparator,200,sg,matching,1,0.569800607737173,novice,cohyponyms_syntactic,2018-11-16-07-35-20
784,comparator,200,sg,matching,1,0.7937741821873137,expert,cohyponyms_syntactic,2018-11-16-07-35-20
785,comparator,200,sg,matching,1,0.5115727534299798,expert+rs,cohyponyms_syntactic,2018-11-16-07-35-20
786,comparator,200,sg,matching,0,0.8309626881055621,novice,hypernyms_None,2018-11-16-07-35-20
787,comparator,200,sg,matching,0,0.8235415378272657,expert,hypernyms_None,2018-11-16-07-35-20
788,comparator,200,sg,matching,0,0.7517006802721393,expert+rs,hypernyms_None,2018-11-16-07-35-20
789,comparator,200,sg,matching,1,0.8242973957259896,novice,hypernyms_None,2018-11-16-07-35-20
790,comparator,200,sg,matching,1,0.8215144643716229,expert,hypernyms_None,2018-11-16-07-35-20
791,comparator,200,sg,matching,1,0.7514945372088462,expert+rs,hypernyms_None,2018-11-16-07-35-20
792,comparator,200,sg,matching,0,0.6190692508123429,novice,nyms_ant,2018-11-16-07-35-20
793,comparator,200,sg,matching,0,0.6635592212958599,expert,nyms_ant,2018-11-16-07-35-20
794,comparator,200,sg,matching,0,0.6128393338894471,expert+rs,nyms_ant,2018-11-16-07-35-20
795,comparator,200,sg,matching,1,0.6179345181333532,novice,nyms_ant,2018-11-16-07-35-20
796,comparator,200,sg,matching,1,0.6671055703818487,expert,nyms_ant,2018-11-16-07-35-20
797,comparator,200,sg,matching,1,0.6158710152111746,expert+rs,nyms_ant,2018-11-16-07-35-20
798,comparator,30,srn,matching,0,0.6479528347930084,novice,cohyponyms_semantic,2018-12-02-05-38-45
799,comparator,30,srn,matching,0,0.6415719941317364,expert,cohyponyms_semantic,2018-12-02-05-38-45
800,comparator,30,srn,matching,0,0.6331281295099328,expert+rs,cohyponyms_semantic,2018-12-02-05-38-45
801,comparator,30,srn,matching,1,0.6480241239622001,novice,cohyponyms_semantic,2018-12-02-05-38-45
802,comparator,30,srn,matching,1,0.6419913221464009,expert,cohyponyms_semantic,2018-12-02-05-38-45
803,comparator,30,srn,matching,1,0.6313228572794136,expert+rs,cohyponyms_semantic,2018-12-02-05-38-45
804,comparator,30,srn,matching,0,0.5401809678529993,novice,features_has,2018-12-02-05-38-45
805,comparator,30,srn,matching,0,0.5044525522977803,expert,features_has,2018-12-02-05-38-45
806,comparator,30,srn,matching,0,0.5055712377679985,expert+rs,features_has,2018-12-02-05-38-45
807,comparator,30,srn,matching,1,0.5456603195016959,novice,features_has,2018-12-02-05-38-45
808,comparator,30,srn,matching,1,0.5064815418077746,expert,features_has,2018-12-02-05-38-45
809,comparator,30,srn,matching,1,0.5080068985997492,expert+rs,features_has,2018-12-02-05-38-45
810,comparator,30,srn,matching,0,0.504212202596814,novice,features_is,2018-12-02-05-38-45
811,comparator,30,srn,matching,0,0.503257815660111,expert,features_is,2018-12-02-05-38-45
812,comparator,30,srn,matching,0,0.5002605523710286,expert+rs,features_is,2018-12-02-05-38-45
813,comparator,30,srn,matching,1,0.5074656453500174,novice,features_is,2018-12-02-05-38-45
814,comparator,30,srn,matching,1,0.5001803824107127,expert,features_is,2018-12-02-05-38-45
815,comparator,30,srn,matching,1,0.5009664124307189,expert+rs,features_is,2018-12-02-05-38-45
816,comparator,30,srn,matching,0,0.6079054727499034,novice,nyms_syn,2018-12-02-05-38-45
817,comparator,30,srn,matching,0,0.5766981192568797,expert,nyms_syn,2018-12-02-05-38-45
818,comparator,30,srn,matching,0,0.5711194323348208,expert+rs,nyms_syn,2018-12-02-05-38-45
819,comparator,30,srn,matching,1,0.6069510282675941,novice,nyms_syn,2018-12-02-05-38-45
820,comparator,30,srn,matching,1,0.5746294231410871,expert,nyms_syn,2018-12-02-05-38-45
821,comparator,30,srn,matching,1,0.569530362886763,expert+rs,nyms_syn,2018-12-02-05-38-45
822,comparator,30,srn,matching,0,0.6561691510926049,novice,cohyponyms_syntactic,2018-12-02-05-38-45
823,comparator,30,srn,matching,0,0.666830949745667,expert,cohyponyms_syntactic,2018-12-02-05-38-45
824,comparator,30,srn,matching,0,0.5814756694954265,expert+rs,cohyponyms_syntactic,2018-12-02-05-38-45
825,comparator,30,srn,matching,1,0.6597589073824579,novice,cohyponyms_syntactic,2018-12-02-05-38-45
826,comparator,30,srn,matching,1,0.6615264615868015,expert,cohyponyms_syntactic,2018-12-02-05-38-45
827,comparator,30,srn,matching,1,0.5781821367148292,expert+rs,cohyponyms_syntactic,2018-12-02-05-38-45
828,comparator,30,srn,matching,0,0.6289081289081728,novice,hypernyms_None,2018-12-02-05-38-45
829,comparator,30,srn,matching,0,0.6038273895417179,expert,hypernyms_None,2018-12-02-05-38-45
830,comparator,30,srn,matching,0,0.596062667491285,expert+rs,hypernyms_None,2018-12-02-05-38-45
831,comparator,30,srn,matching,1,0.6351611351611756,novice,hypernyms_None,2018-12-02-05-38-45
832,comparator,30,srn,matching,1,0.6100803957947241,expert,hypernyms_None,2018-12-02-05-38-45
833,comparator,30,srn,matching,1,0.5978835978836405,expert+rs,hypernyms_None,2018-12-02-05-38-45
834,comparator,30,srn,matching,0,0.6199006751537679,novice,nyms_ant,2018-12-02-05-38-45
835,comparator,30,srn,matching,0,0.5457851685904822,expert,nyms_ant,2018-12-02-05-38-45
836,comparator,30,srn,matching,0,0.5421841250549106,expert+rs,nyms_ant,2018-12-02-05-38-45
837,comparator,30,srn,matching,1,0.6170304340820089,novice,nyms_ant,2018-12-02-05-38-45
838,comparator,30,srn,matching,1,0.5466151526184313,expert,nyms_ant,2018-12-02-05-38-45
839,comparator,30,srn,matching,1,0.5424968261174303,expert+rs,nyms_ant,2018-12-02-05-38-45
840,comparator,30,lstm,matching,0,0.6574038251490972,novice,cohyponyms_semantic,2018-11-28-22-01-40
841,comparator,30,lstm,matching,0,0.6296392938145212,expert,cohyponyms_semantic,2018-11-28-22-01-40
842,comparator,30,lstm,matching,0,0.6213107891525388,expert+rs,cohyponyms_semantic,2018-11-28-22-01-40
843,comparator,30,lstm,matching,1,0.6568108144947185,novice,cohyponyms_semantic,2018-11-28-22-01-40
844,comparator,30,lstm,matching,1,0.6350105321402224,expert,cohyponyms_semantic,2018-11-28-22-01-40
845,comparator,30,lstm,matching,1,0.6210371997036358,expert+rs,cohyponyms_semantic,2018-11-28-22-01-40
846,comparator,30,lstm,matching,0,0.5744015540262377,novice,features_has,2018-11-28-22-01-40
847,comparator,30,lstm,matching,0,0.5225741238301617,expert,features_has,2018-11-28-22-01-40
848,comparator,30,lstm,matching,0,0.5185251740820147,expert+rs,features_has,2018-11-28-22-01-40
849,comparator,30,lstm,matching,1,0.5744015540262377,novice,features_has,2018-11-28-22-01-40
850,comparator,30,lstm,matching,1,0.5289665532165385,expert,features_has,2018-11-28-22-01-40
851,comparator,30,lstm,matching,1,0.525991437653668,expert+rs,features_has,2018-11-28-22-01-40
852,comparator,30,lstm,matching,0,0.5441499615548913,novice,features_is,2018-11-28-22-01-40
853,comparator,30,lstm,matching,0,0.5005611897222131,expert,features_is,2018-11-28-22-01-40
854,comparator,30,lstm,matching,0,0.5004810197618972,expert+rs,features_is,2018-11-28-22-01-40
855,comparator,30,lstm,matching,1,0.5441499615548913,novice,features_is,2018-11-28-22-01-40
856,comparator,30,lstm,matching,1,0.5007124194200822,expert,features_is,2018-11-28-22-01-40
857,comparator,30,lstm,matching,1,0.5004810197618972,expert+rs,features_is,2018-11-28-22-01-40
858,comparator,30,lstm,matching,0,0.6160590953191744,novice,nyms_syn,2018-11-28-22-01-40
859,comparator,30,lstm,matching,0,0.5842875326986889,expert,nyms_syn,2018-11-28-22-01-40
860,comparator,30,lstm,matching,0,0.5831119596369587,expert+rs,nyms_syn,2018-11-28-22-01-40
861,comparator,30,lstm,matching,1,0.6192638676004143,novice,nyms_syn,2018-11-28-22-01-40
862,comparator,30,lstm,matching,1,0.5818976831739258,expert,nyms_syn,2018-11-28-22-01-40
863,comparator,30,lstm,matching,1,0.5835409667978563,expert+rs,nyms_syn,2018-11-28-22-01-40
864,comparator,30,lstm,matching,0,0.6412061035469783,novice,cohyponyms_syntactic,2018-11-28-22-01-40
865,comparator,30,lstm,matching,0,0.6436793330467201,expert,cohyponyms_syntactic,2018-11-28-22-01-40
866,comparator,30,lstm,matching,0,0.5893964943950831,expert+rs,cohyponyms_syntactic,2018-11-28-22-01-40
867,comparator,30,lstm,matching,1,0.6395795088827028,novice,cohyponyms_syntactic,2018-11-28-22-01-40
868,comparator,30,lstm,matching,1,0.6473770113108636,expert,cohyponyms_syntactic,2018-11-28-22-01-40
869,comparator,30,lstm,matching,1,0.5891066732565094,expert+rs,cohyponyms_syntactic,2018-11-28-22-01-40
870,comparator,30,lstm,matching,0,0.642479213907827,novice,hypernyms_None,2018-11-28-22-01-40
871,comparator,30,lstm,matching,0,0.6020751735037755,expert,hypernyms_None,2018-11-28-22-01-40
872,comparator,30,lstm,matching,0,0.5923864495293374,expert+rs,hypernyms_None,2018-11-28-22-01-40
873,comparator,30,lstm,matching,1,0.6428571428571801,novice,hypernyms_None,2018-11-28-22-01-40
874,comparator,30,lstm,matching,1,0.6078471792757842,expert,hypernyms_None,2018-11-28-22-01-40
875,comparator,30,lstm,matching,1,0.5944135229849724,expert+rs,hypernyms_None,2018-11-28-22-01-40
876,comparator,30,lstm,matching,0,0.6149400267098819,novice,nyms_ant,2018-11-28-22-01-40
877,comparator,30,lstm,matching,0,0.5487301935754847,expert,nyms_ant,2018-11-28-22-01-40
878,comparator,30,lstm,matching,0,0.5472690732691209,expert+rs,nyms_ant,2018-11-28-22-01-40
879,comparator,30,lstm,matching,1,0.6142364467287195,novice,nyms_ant,2018-11-28-22-01-40
880,comparator,30,lstm,matching,1,0.5519013956006462,expert,nyms_ant,2018-11-28-22-01-40
881,comparator,30,lstm,matching,1,0.5485886204054224,expert+rs,nyms_ant,2018-11-28-22-01-40
882,comparator,200,wd,matching,0,0.597671520140614,novice,cohyponyms_semantic,2018-12-09-00-19-44
883,comparator,200,wd,matching,0,0.5878602231659213,expert,cohyponyms_semantic,2018-12-09-00-19-44
884,comparator,200,wd,matching,0,0.5402473256775892,expert+rs,cohyponyms_semantic,2018-12-09-00-19-44
885,comparator,200,wd,matching,1,0.597671520140614,novice,cohyponyms_semantic,2018-12-09-00-19-44
886,comparator,200,wd,matching,1,0.5888346212727007,expert,cohyponyms_semantic,2018-12-09-00-19-44
887,comparator,200,wd,matching,1,0.5410604982296258,expert+rs,cohyponyms_semantic,2018-12-09-00-19-44
888,comparator,200,wd,matching,0,0.5958277210212838,novice,features_has,2018-12-09-00-19-44
889,comparator,200,wd,matching,0,0.5935577738844042,expert,features_has,2018-12-09-00-19-44
890,comparator,200,wd,matching,0,0.5831526888817795,expert+rs,features_has,2018-12-09-00-19-44
891,comparator,200,wd,matching,1,0.5915886844457545,novice,features_has,2018-12-09-00-19-44
892,comparator,200,wd,matching,1,0.5908328812796372,expert,features_has,2018-12-09-00-19-44
893,comparator,200,wd,matching,1,0.5801815273137416,expert+rs,features_has,2018-12-09-00-19-44
894,comparator,200,wd,matching,0,0.5302514057074094,novice,features_is,2018-12-09-00-19-44
895,comparator,200,wd,matching,0,0.5605254047672165,expert,features_is,2018-12-09-00-19-44
896,comparator,200,wd,matching,0,0.5459005819610504,expert+rs,features_is,2018-12-09-00-19-44
897,comparator,200,wd,matching,1,0.5337581126534146,novice,features_is,2018-12-09-00-19-44
898,comparator,200,wd,matching,1,0.5609900261281399,expert,features_is,2018-12-09-00-19-44
899,comparator,200,wd,matching,1,0.5475287609732986,expert+rs,features_is,2018-12-09-00-19-44
900,comparator,200,wd,matching,0,0.5697488510432629,novice,nyms_syn,2018-12-09-00-19-44
901,comparator,200,wd,matching,0,0.5554596277898779,expert,nyms_syn,2018-12-09-00-19-44
902,comparator,200,wd,matching,0,0.5569863736802664,expert+rs,nyms_syn,2018-12-09-00-19-44
903,comparator,200,wd,matching,1,0.56794757641397,novice,nyms_syn,2018-12-09-00-19-44
904,comparator,200,wd,matching,1,0.5568496052451808,expert,nyms_syn,2018-12-09-00-19-44
905,comparator,200,wd,matching,1,0.5548666339482626,expert+rs,nyms_syn,2018-12-09-00-19-44
906,comparator,200,wd,matching,0,0.5141411149743761,novice,cohyponyms_syntactic,2018-12-09-00-19-44
907,comparator,200,wd,matching,0,0.5144219046600312,expert,cohyponyms_syntactic,2018-12-09-00-19-44
908,comparator,200,wd,matching,0,0.5005143928995911,expert+rs,cohyponyms_syntactic,2018-12-09-00-19-44
909,comparator,200,wd,matching,1,0.5123150803534976,novice,cohyponyms_syntactic,2018-12-09-00-19-44
910,comparator,200,wd,matching,1,0.5110660996597862,expert,cohyponyms_syntactic,2018-12-09-00-19-44
911,comparator,200,wd,matching,1,0.5011313348180835,expert+rs,cohyponyms_syntactic,2018-12-09-00-19-44
912,comparator,200,wd,matching,0,0.6582835154264151,novice,hypernyms_None,2018-12-09-00-19-44
913,comparator,200,wd,matching,0,0.5799147942005516,expert,hypernyms_None,2018-12-09-00-19-44
914,comparator,200,wd,matching,0,0.5791589363018375,expert+rs,hypernyms_None,2018-12-09-00-19-44
915,comparator,200,wd,matching,1,0.6581804438947777,novice,hypernyms_None,2018-12-09-00-19-44
916,comparator,200,wd,matching,1,0.5764447193019044,expert,hypernyms_None,2018-12-09-00-19-44
917,comparator,200,wd,matching,1,0.5718065003779721,expert+rs,hypernyms_None,2018-12-09-00-19-44
918,comparator,200,wd,matching,0,0.5428204941268838,novice,nyms_ant,2018-12-09-00-19-44
919,comparator,200,wd,matching,0,0.5651136748719443,expert,nyms_ant,2018-12-09-00-19-44
920,comparator,200,wd,matching,0,0.5592994298675104,expert+rs,nyms_ant,2018-12-09-00-19-44
921,comparator,200,wd,matching,1,0.5428204941268838,novice,nyms_ant,2018-12-09-00-19-44
922,comparator,200,wd,matching,1,0.5696132221408494,expert,nyms_ant,2018-12-09-00-19-44
923,comparator,200,wd,matching,1,0.5596050258086527,expert+rs,nyms_ant,2018-12-09-00-19-44
